x,y,theta
-69.31607655352701,53.75661267858121,0.041162414851668674
-69.11895151817446,53.76473140688934,0.013483505533389215
-68.91894034466297,53.76742842209965,1.744923167036479e-05
-68.71886074931817,53.76743191333486,-0.004704224284316605
-68.51878189916089,53.76649069060616,-1.3540097469758451e-06
-68.31870129564527,53.766490419695074,0.0018814613288156597
-68.11862090718856,53.7668668636528,0.001040542892157232
-67.9185401263745,53.76707505636227,-0.0003999740711787462
-67.71845921480083,53.76699502918124,-0.0009426834378361114
-67.51837838216953,53.76680641623822,-0.0005774079774445547
-67.31829748766827,53.76669088792076,0.00011307932684719187
-67.11821657502163,53.76671351293577,0.000459096965601622
-66.9181356820105,53.76680536947308,0.00043491845889459725
-66.71805478731916,53.76689238835294,0.0002503834390882115
-66.51797387989417,53.76694248529969,8.998467652628206e-05
-66.31789296686368,53.766960489515974,-3.998591422013214e-05
-66.11781205231429,53.76695248909768,-0.00013951977605939058
-65.91773113700116,53.766924573853004,-0.0002086108152092897
-65.71765022541628,53.766882834810325,-0.00024725540008401175
-65.51756931635025,53.766833363724096,-0.00025545235899412943
-65.3174884078874,53.76678225258293,-0.0002332029774912044
-65.11740749796454,53.76673559311815,-0.00018051099812346627
-64.91732658492946,53.76669947631244,-9.738261912440937e-05
-64.71724566809955,53.76667999190866,1.6173503350143717e-05
-64.51716474831956,53.76668322791809,0.00016013297128996402
-64.31708383758165,53.766715267469095,0.00031332173215223606
-64.11700293089976,53.7667779571674,0.0004116645546631687
-63.91692202791849,53.766860323387874,0.00044309704726699516
-63.7168411259804,53.76694897865054,0.00040762409465984467
-63.516760221157746,53.767030536452744,0.0003052340277191789
-63.31667931096171,53.76709160795673,0.0001358986208033202
-63.1165983970536,53.767118798677146,-0.0001004269042016447
-62.91651748796217,53.76709870517079,-0.00040380388780164524
-62.716436586438256,53.76701791172049,-0.0007743102261175222
-62.5163557171701,53.7668629870264,-0.0012120403268449378
-62.31627493649996,53.76662048093285,-0.0017171051015599868
-62.116194307576876,53.76627692112655,-0.0022896319666751955
-61.91611391417794,53.76581880986138,0.004862246742028816
-61.71605464780185,53.76679155504324,-0.019469177901226566
-61.51718954086022,53.76291932563073,-0.2876735865365607
-61.331141387232584,53.707871219580426,0.0053462385956501235
-61.13109468467782,53.70894072717223,-0.0011835446006307649
-60.931013748314456,53.708703922349734,0.0015120661684942759
-60.73093278445374,53.709006458236715,-0.0017409995815347665
-60.53085223849766,53.70865811773798,-0.04170725292952655
-60.332722502198564,53.70038987596898,-0.2687645917628656
-60.148244530987654,53.64957937485852,-0.00832238418812918
-59.948570439166616,53.64791757198715,-0.06227409187489362
-59.75375334650014,53.6357698071344,-0.22674439913229513
-59.56472841620175,53.592159509546164,0.0015359639382649623
-59.364767619093286,53.59246664236112,0.017109318841019485
-59.16473866792448,53.59588933544422,-0.34934687994257624
-58.981962235340575,53.52930597830817,0.026836568634185078
-58.78237942857723,53.53466338219846,0.03589764423991309
-58.583342100166526,53.54181142408764,-0.33359581686723777
-58.400092051360964,53.478306572426334,-0.01995685606602127
-58.200074440168564,53.47431431972874,0.041537528868142756
-58.000222082091895,53.48262047042213,-0.3051500395826202
-57.81056068991958,53.422879380349805,0.0006177004290447376
-57.61178772828213,53.42300216250911,-0.16631360696644454
-57.41779272821045,53.3904373492647,-0.17363235933950277
-57.222350374447856,53.356157041392855,0.05539825031956361
-57.022589852708364,53.36723475947997,-0.19204059264293757
-56.82789203346492,53.32937835038786,-0.15752621383432247
-56.63163313245803,53.29820414366195,0.055686834022112566
-56.431978371324824,53.30933379201961,-0.3191709656061999
-56.24311643020146,53.24692066572474,-0.06388726132301434
-56.04796723373332,53.23443612783363,-0.25594416976675777
-55.8608007608685,53.18545777866663,-0.13467205289034667
-55.66776093698532,53.15930239486496,-0.1303513893669064
-55.47788241465948,53.13441032127841,-0.3605804205113121
-55.29531027377972,53.06556863821618,0.04149880902188465
-55.09602997737922,53.073843283787234,-0.3320128573127046
-54.91270899901401,53.0106387138045,-0.21811416864477579
-54.72842642271665,52.96979430142647,-0.05607819083115929
-54.53247940747245,52.95879441421344,-0.34074143839740584
-54.352206765418345,52.89487490709952,-0.13994540843100922
-54.16187614678737,52.868063752355056,-0.13367382573798556
-53.971920691345574,52.842519350001226,-0.35535976003786124
-53.7921730019688,52.77581239671261,-0.0843279680687595
-53.59911162090548,52.75949322137677,-0.1701076030440099
-53.40867447634071,52.72678229050415,-0.340679777398801
-53.227794822107924,52.662660109423506,-0.022472149441673424
-53.029691962562964,52.65820756282545,-0.2668608952115756
-52.84762132611335,52.608432816655224,-0.3216229006395761
-52.6672999035953,52.54835125106894,0.006387390298656639
-52.4676092943475,52.54962677027576,-0.3092894007169268
-52.28699894391524,52.49191378582886,-0.2807332981023276
-52.10457885135002,52.43931323926458,-0.013436294202116608
-51.90639112367709,52.436650170388226,-0.335262329916649
-51.72697006093999,52.37413713363332,-0.20748272255057787
-51.539085174267974,52.33458507026904,-0.06474380182411303
-51.34343906928838,52.32190046906495,-0.354063399301935
-51.15809822085173,52.25339104249672,0.025690275767608645
-50.95867658129388,52.25851536679532,-0.30109350443476796
-50.77746276949984,52.202242172681885,-0.29285401404404343
-50.59633531355354,52.14762796848258,-0.013342423350918134
-50.39915022440937,52.14499688541418,-0.32181318339570314
-50.21437260650355,52.083391487580165,-0.21146068824115263
-50.02679964394381,52.043125205726284,-0.051163603294423
-49.83177462762968,52.03313830735572,-0.35594507307011747
-49.64821280410297,51.96489360889153,-0.16763979284315977
-49.46022595934774,51.93308096201106,-0.08007480537882579
-49.26578488065715,51.91747776711728,-0.3499299338152471
-49.08469559990259,51.85138939805485,-0.11712501462143943
-48.89315658081433,51.82885223631995,-0.15923179792628916
-48.70460059107177,51.798571775438866,-0.34653074833176184
-48.52401318750676,51.73336131427043,-0.03694813883662257
-48.327463130531015,51.72609584898979,-0.21779692816660848
-48.145188865859005,51.6857572201577,-0.3336415693985698
-47.960268915057576,51.621664191307346,-0.021926075366042932
-47.762490866033914,51.61732699983747,-0.27652150905061434
-47.5804255932883,51.565658340099745,-0.31073814317239085
-47.39851935017512,51.50724068149405,-0.0008007246016651875
-47.19992509364172,51.50708166215311,-0.31638317977625385
-47.01793058556756,51.447500267790936,-0.2655892725912965
-46.835801038201645,51.39795823934907,-0.02086759671554859
-46.63773573564668,51.39382449245215,-0.3374071374826226
-46.45749506236844,51.33059205608152,-0.18955392146599875
-46.27083886939353,51.2947807029436,-0.07055133738897881
-46.07867964892369,51.28120107464099,-0.3652839780041778
-45.89457390086711,51.21079028465921,-0.12471327788969547
-45.70417909418019,51.18692164956577,-0.12216330213753725
-45.51178765617335,51.16330085454435,-0.3480400207864812
-45.330568198276644,51.09755281480073,-0.07261946867901278
-45.13618862114747,51.083412207201484,-0.20453221801244367
-44.95016591449022,51.04482498516526,-0.3293268187803149
-44.7690936001634,50.982939378853146,0.03819420512723187
-44.569527552566385,50.99056535402286,-0.35629979764537306
-44.38446405101882,50.92168763087311,-0.13220115308129485
-44.19524095547679,50.896525360154904,-0.1301074639859732
-44.00405258428931,50.87150900793912,-0.3409979015760271
-43.82377792764001,50.80753673540923,-0.0634182383983406
-43.6283001517412,50.795123232908544,-0.21168448283794378
-43.44345620540174,50.755399513395844,-0.3498504202875454
-43.263762458248316,50.68983663367069,-0.03428509439845635
-43.06794631096227,50.68312042680859,-0.2380062367881996
-42.88007585684186,50.637542196409484,-0.31753549898288125
-42.6991058509217,50.57806523095343,0.0006812974947115835
-42.500471196291144,50.57820056026693,-0.30597509700695297
-42.31848610984897,50.52071232707961,-0.27353916211940443
-42.135289884152094,50.46931257145187,0.002485867444117671
-41.9374940873654,50.469804266596505,-0.34085075345084
-41.750954621043654,50.40363976727669,-0.03469826588172256
-41.5540832889054,50.3968059306522,-0.25378546497043053
-41.371448072654516,50.349434352123,-0.3260949650083468
-41.189792711599246,50.288004415144925,-0.0022769722308921807
-40.99130069525807,50.28755245355458,-0.30163065416756724
-40.80891313424287,50.23080733473117,-0.28743542976199166
-40.627711006193024,50.17724000456813,-0.00490313255757636
-40.42870025232654,50.17626422064201,-0.33277224899489916
-40.248518791708854,50.1139889460358,-0.20744038851278368
-40.06134738526719,50.074595353764536,-0.062220579318050334
-39.86709999204824,50.06249354741563,-0.3286594715344923
-39.683608870852325,49.999917983138104,-0.0016046511619072568
-39.48412526182502,49.99959788125835,-0.31374292458261366
-39.30367567503706,49.941049305154095,-0.28350934156503754
-39.1222633362733,49.88819342344344,-0.0075727994258344145
-38.92347926465941,49.886688042763446,-0.3368446088237235
-38.744494584270065,49.82400929015219,-0.21074759642991497
-38.55691008803349,49.78388044025628,-0.07591911227913595
-38.359867092711355,49.76889230413511,-0.32658699508962874
-38.179774300556026,49.70789201632528,-0.011645409730009227
-37.98242965685366,49.705593753196986,-0.28466932252641775
-37.79695714690394,49.651321422277995,-0.262262513774052
-37.611491571649964,49.60153399890097,-0.030770935714583867
-37.41561376520969,49.59550475245931,-0.3263420609025665
-37.23029197050119,49.53278391362965,-0.02864337651180972
-37.03317325825473,49.52713622351679,-0.23973971281578108
-36.85143480507568,49.482711922367656,-0.31239998549522796
-36.66568657381281,49.42271973999742,-0.0015999002740124855
-36.46615416731985,49.42240050777322,-0.34991530620972927
-36.28513110356739,49.35633930513631,-0.07156886431782757
-36.09098485319171,49.342420706203846,-0.19716124583909728
-35.903342679814976,49.30493799526444,-0.23556338555576425
-35.71700035239379,49.260212209522614,-0.05732292057292607
-35.520075947749746,49.24891154712361,-0.31736591022050603
-35.336903870852275,49.18874527414787,0.017466587838999775
-35.13736789930008,49.19223084119013,-0.2535560708509627
-34.94751792680978,49.143034390419146,-0.026455641451673322
-34.75206824926192,49.13786243715343,-0.33190057646834126
-34.566007586747354,49.073736664842066,-0.0016451018190909064
-34.366132180339484,49.07340784915076,-0.12754001246353608
-34.17008941123838,49.04826809231386,-0.192732344644064
-33.97823532551136,49.01082685810297,-0.06271022626420965
-33.782217243894,48.998518380961755,-0.23947150946804163
-33.593457154455905,48.95243135265689,-0.042130001144656926
-33.397329398833186,48.94416359792784,-0.2522634617754421
-33.206690559304036,48.89502560624107,0.027826823878992612
-33.00699945787602,48.9005838100567,-0.322679842545956
-32.82539754577944,48.839862269529704,0.02033952834198531
-32.62563631511726,48.84392587912475,-0.3372607295418145
-32.4384227599541,48.778277982161086,0.04162787821573181
-32.23876806845499,48.786593987446125,-0.27853879652976055
-32.05257969094309,48.73334914557418,-0.03561187439026636
-31.854623290066108,48.72629656546545,-0.04688296990450742
-31.656461940341256,48.716999360079335,-0.29090533942523794
-31.467638847070365,48.66046591225504,0.0494595118626996
-31.267813027755235,48.67035726660474,-0.0738412524307158
-31.068565438633673,48.6556177761632,-0.27459249915224054
-30.878014075962582,48.60193779476443,0.04898863524349334
-30.678203346864855,48.611734087607296,-0.025827267658636598
-30.478282137504365,48.60656952063383,-0.11668720324904062
-30.286965963441784,48.58414349530301,-0.18103777503287408
-30.099275787766814,48.549788334432925,0.009552340991899753
-29.899205875273967,48.551699528590014,-0.019851724280338004
-29.69920690320356,48.54772868250157,0.04519356364934885
-29.49941487374595,48.55676414865991,-0.2910397211873633
-29.309779329791258,48.4999596848862,-0.026746658158400848
-29.11123611643687,48.49464805074966,-0.024100024424715847
-28.911262668523015,48.489827752506805,0.044454706998900556
-28.711441202731248,48.4987166134434,-0.3386314893820312
-28.527258199401683,48.43384775197097,0.003320668262810934
-28.32716258795538,48.434512205559706,0.0006680427254310567
-28.12708273088482,48.43464586747261,-0.0016067666053330818
-27.927010007739373,48.434324397025776,-0.13377053106171177
-27.7349004936737,48.40847141180427,-0.15738881753215453
-27.545960650419858,48.37848639476762,-0.012909495923377291
-27.34593421850757,48.375904010902886,0.003676114206368554
-27.145862759436962,48.376639499748954,-0.0008357401508841467
-26.945785501575006,48.37647228711235,-0.1231694802564706
-26.75339565193295,48.35265516637378,-0.18060799846840525
-26.56505272478324,48.31826417547371,0.004516621127713183
-26.364976588933533,48.31916784972099,-0.006957071938154388
-26.164901931378008,48.317775893478014,0.009846454040282514
-25.964836373762786,48.319745893462105,-0.01684444806617406
-25.764859371679112,48.316377072612106,0.03151801755992891
-25.565055343319443,48.32267658557278,-0.14903671777105781
-25.37029873920089,48.29343386670275,-0.16639064349444646
-25.177533420267856,48.26106020426812,-0.002822672167103828
-24.977470796279455,48.26049549156793,0.00012368023718956701
-24.777389390862375,48.260520237683735,0.0012363655642624292
-24.577308530955516,48.26076761089504,0.00016369764873641973
-24.377227620536914,48.26080036366992,-0.0024074917471758224
-24.1771474468716,48.26031867137242,0.008934754444772939
-23.977088028697654,48.26210620071448,-0.3144565867365037
-23.792937900605462,48.20221165911554,0.016055813806685852
-23.59360261573743,48.20541242438007,-0.016268499572371732
-23.39356525559577,48.2021578295423,-8.587855093602692e-05
-23.193485151009547,48.202140646952806,0.005270204434142775
-22.993406675500502,48.20319511118423,-0.0025082270867654755
-22.79332788520333,48.20269326709052,-0.00126993096706546
-22.59325134541926,48.20243918356027,-0.0033067217630776053
-22.393180777220532,48.20177760344693,-0.32690139213112634
-22.20923149535107,48.13940658626537,0.03404066866101633
-22.00946840222111,48.14620928331288,-0.012582622687879939
-21.80942660558906,48.14369210002049,0.008446949968535584
-21.60935103083267,48.14538216858658,-0.0036293051433272895
-21.40927333044166,48.14465602237125,-0.0018263712558091087
-21.209195103493244,48.14429060484234,0.011107836549527307
-21.009072539161487,48.14651362500596,-0.3246113585508359
-20.828542644365758,48.08576259890479,0.0030494100632471924
-20.628600050415415,48.08637230775273,0.002107625145879661
-20.42851817649113,48.08679400596586,0.000706484306541081
-20.22843764934977,48.086935359741844,-0.001400628593524534
-20.0283571819563,48.08665512113495,-0.00020481061858443428
-19.828277919932486,48.08661414277696,-0.08005966864553772
-19.632637131171993,48.07091765590788,-0.22934003450603924
-19.447333349126257,48.0276589840569,0.012299998802334228
-19.247267068022246,48.03011992318125,-0.006866833691581628
-19.047194951075667,48.02874603963336,-0.008792620755341988
-18.847125096664325,48.02698685594444,0.01636233777836197
-18.647085146687274,48.03026026930641,-0.04679914411161398
-18.44858171728475,48.020963690718126,-0.26734591899771276
-18.26047447380115,47.96944057949885,0.009418081206410344
-18.06041183780251,47.971324841362886,-0.0034823219780299964
-17.860333496528508,47.97062810134138,0.0008029664633188981
-17.660252426239406,47.9707887597653,0.0008140558889627756
-17.460171573304184,47.97095163679788,0.0014976417363150617
-17.260097541499672,47.971251276242285,-0.314089354060387
-17.07905049674719,47.912439518633356,0.0018927987734939271
-16.879027621230488,47.912818122138944,0.009479475695375723
-16.678962052963357,47.91471469564014,-0.015597441348831025
-16.478908554743104,47.911594119872845,-0.00616055048710965
-16.278839792394976,47.91036157056874,0.035463635024512184
-16.07889724232574,47.91745523426758,-0.046877440311305876
-15.879509516956563,47.90810159554589,-0.27946077677254766
-15.6882120107992,47.853204834286835,0.008708437142213468
-15.488116465453267,47.85494739781633,-3.941971754161577e-05
-15.28803542826158,47.854939510678356,-3.416736517211836e-05
-15.087954373556768,47.854932674435894,-0.0010514536266300017
-14.887876478072718,47.85472230172955,-0.1282450257741861
-14.696009477033659,47.82998052336233,-0.1630850068203649
-14.508699741787463,47.79915938109189,-0.31911471742424025
-14.32903964312563,47.73979839278185,0.024176827873851274
-14.129645619256477,47.74462004726218,-0.36636976088870654
-13.946472831345123,47.67433799464978,-0.021216790979831437
-13.751282877476825,47.67019606867949,-0.22925532826456244
-13.562129069599196,47.62605551396792,-0.39105796701371703
-13.380418178201237,47.55113753418767,-0.30796262997200596
-13.198436766764909,47.49325242403839,-0.48081570603622165
-13.023368272846438,47.40192828095619,-0.67044717474049
-12.866963724287091,47.27790224478775,-0.7949645166111496
-12.726840695027713,47.1350723049078,-0.7952853324086003
-12.586787206118803,46.99222160330453,-0.9792279010709152
-12.475734708900088,46.82692299452684,-1.4571973156108218
-12.45338439767952,46.6310226380216,-1.3164463516320355
-12.406172512807778,46.44942498129733,-1.2400570111998122
-12.343820896811696,46.26782774661474,-1.5664644254094562
-12.342961978250214,46.06955149043756,-1.2667718338223224
-12.28560411257184,45.886738369671676,-1.8342227338116224
-12.336471941542245,45.69812509364332,-1.5774188934257214
-12.337770204387247,45.50209175227999,-1.9304384947093243
-12.40718289543495,45.31748077070135,-1.6195474451629128
-12.416719726663144,45.12201295283998,-1.7870242875801525
-12.457180720692241,44.93781641631554,-1.912328533460312
-12.521280428696974,44.757488409726065,-2.047724221457022
-12.612410789831697,44.58112264667416,-2.014678141506633
-12.697835272867913,44.401482596400385,-2.0209157806266
-12.784864502202629,44.22137333152107,-2.1772325396640166
-12.897545650714262,44.058921338038935,-2.032792057685522
-12.984557390538646,43.884176811629885,-2.0066410593658413
-13.063006959326069,43.71572678331152,-2.1487708890458532
-13.1672370916603,43.555932611292604,-2.223531152871862
-13.287668095115597,43.39840941874947,-2.064460773290029
-13.381797650733567,43.22348135750885,-2.139850160705203
-13.488906098557633,43.05602876900915,-2.134502930538354
-13.594140213633102,42.88955205372017,-2.326024780529396
-13.728006685502208,42.747354275679676,-2.217985608916488
-13.845660464410354,42.59168203172757,-2.1091728615203444
-13.944514905178274,42.426159077010475,-2.1340912874868003
-14.046929107349744,42.263995606232726,-2.4094952382137946
-14.195552429127874,42.13042755558121,-2.1021402640638582
-14.295548797626637,41.96028576831467,-2.318582826846075
-14.430152181497718,41.81515619872496,-2.200236964280243
-14.54384577286698,41.65903908627285,-2.227617355457767
-14.664042900740856,41.50314616528093,-2.259107465359237
-14.790535782664968,41.349355572314394,-2.361915945677898
-14.932518573886078,41.20898825231353,-2.1239103975433506
-15.036393107725209,41.040742610828765,-2.415714407400058
-15.186052289585096,40.907916795393184,-2.266280107462561
-15.313893031060871,40.75474024407426,-2.2316411317377525
-15.436601388695955,40.59690776128859,-2.3313864327127027
-15.574507553494788,40.4519836879255,-2.3580644828649135
-15.716252025283138,40.3107683495256,-2.353883432243492
-15.85740361221962,40.16896283115751,-2.3572690837754804
-15.999033683102196,40.027636823178625,-2.3624493943783658
-16.141394259877615,39.88704610273785,-2.35997462325024
-16.283405874375354,39.746104095673516,-2.349346458160941
-16.42391036207846,39.6036619500731,-2.333410197802156
-16.56213552526265,39.45899006217226,-2.4884784490551732
-16.720009438032466,39.338195993264705,-2.4453418681544936
-16.871974881841233,39.211168165019174,-2.3419499679688975
-17.011110761979268,39.068010881646806,-2.5721843711403514
-17.177520450755512,38.96148637379034,-2.3638430419318426
-17.31982977429368,38.821337488604804,-2.607395105431122
-17.485934465362405,38.7230750180989,-2.3774961881736716
-17.628740028436514,38.58622744291297,-2.5590622398320235
-17.79308178214062,38.477960567223874,-2.568112031854251
-17.959848931993488,38.37024730707657,-2.5532724537027334
-18.12502426572882,38.260054627641345,-2.5289321628798795
-18.285557205706876,38.14721821437298,-2.558547525918323
-18.443917540452684,38.042774918088824,-2.6449194084386534
-18.619231431809514,37.94775641985556,-2.6761120082256684
-18.797035009880048,37.85844685610047,-2.6872420769284813
-18.97512812772249,37.771460451719285,-2.51042446049314
-19.132098792547662,37.6567297342409,-2.7116232075067743
-19.312633008137716,37.57393962365065,-2.6865989567940107
-19.491994275705068,37.486190899633634,-2.6926545668219455
-19.670985234484082,37.39996271508231,-2.6580974482937973
-19.847460560716616,37.30730231708869,-2.6659466005718206
-20.024500434164946,37.21611097203433,-2.7092502239506127
-20.201604656873783,37.13438459943339,-2.7967490454489004
-20.385647329933548,37.068277214457076,-2.682556243986724
-20.564950175440533,36.97965692310224,-2.6977140502561836
-20.74505078421275,36.8940141391997,-2.836296605956074
-20.92677377254678,36.8367443853239,-2.8161898270568178
-21.10717804822843,36.7758766361334,-2.6176767361887845
-21.279511109195298,36.676307211622515,-2.789673388886935
-21.459575916794584,36.610186510163985,-2.822527213263199
-21.638614601427793,36.5510406270077,-2.826532899384991
-21.81769352114599,36.49267602349452,-2.828107021796887
-21.996808968993793,36.43461125381901,-2.828348247833706
-22.175784407200094,36.376639578675395,-2.81584591656031
-22.35470284157166,36.31620460250945,-2.9138279322935388
-22.53705057928357,36.27393880970257,-3.1030594193775975
-22.733929218459043,36.26634868198307,-2.80519652607979
-22.913510811911937,36.20355129759963,-2.8177895631358436
-23.092315842856095,36.1435415588878,-2.9643215633407087
-23.27819645249679,36.11024074106971,-3.0438255959581446
-23.471196319493544,36.091311361972714,-2.789811750375499
-23.656653129892863,36.0232398086069,3.111393788821369
-23.85447849600058,36.02921572681844,-2.823587320238728
-24.041335821738283,35.96770656566081,3.0847565539506703
-24.241043799157545,35.97906942610919,-2.837704273991614
-24.43066797539042,35.91960293244793,3.1405154493951364
-24.629434011808456,35.91981704413893,-2.786436931906737
-24.8130206500418,35.851728016228655,3.088083419633298
-25.012743468112298,35.86242524274551,-2.915807304733586
-25.20495677058913,35.818273461301644,-3.0586000752852365
-25.40009898469972,35.802040819802166,-2.9539126098246276
-25.592023348901584,35.765591476944024,-3.0101024656968836
-25.787941506717083,35.73968065932864,3.1289561653009286
-25.987993116496696,35.74220874371643,-3.1335197284227303
-26.18806631656691,35.74059353265527,3.1319226319361713
-26.388126549714904,35.742528179744724,-2.812853753070678
-26.568837389162425,35.68088474525299,3.1279888869201735
-26.768588913958606,35.68360228602855,-3.1389775862279645
-26.968668733731047,35.6830790626294,3.139497459216723
-27.168749364454634,35.683498271054475,-3.1408693285673612
-27.368830083555764,35.6833535476386,-3.1409725030479825
-27.56891087795197,35.683229467409646,-3.141450881746344
-27.76898970321297,35.68320110186556,3.0211695562375214
-27.964783893912255,35.7068938843485,2.9355729964394417
-28.157269198165007,35.74712038351632,-3.0946013296538877
-28.35706641342079,35.73772473105632,3.1109664921296383
-28.557022521204264,35.743850534474475,-3.1189217335215544
-28.757055924682554,35.739314816071285,2.7955302319875894
-28.941301554653677,35.80574874783208,-3.084657872588425
-29.140848269986478,35.79437530737338,2.787566231978289
-29.32621481069966,35.8628864399727,-3.119040411310538
-29.52585384496737,35.85838336865147,2.9652936917493746
-29.714568618465545,35.8920026214718,3.023785012396213
-29.907251149394327,35.91480769481994,3.1005097477588137
-30.10551548864829,35.92295755564085,2.8790206841343666
-30.29753345749199,35.974567648858006,-3.127236227174226
-30.497338812469955,35.97169896089358,3.095717738169189
-30.69592614203461,35.98081553403837,2.886970086327408
-30.884533180389194,36.02990461448114,3.129464746015823
-31.084101887885385,36.03232508399398,3.1090312640981903
-31.282335387787963,36.038782124368865,2.8846242862226084
-31.46985112263559,36.08805712928108,3.1326748173557943
-31.66960367130194,36.08983853702148,2.9379384430278987
-31.85660244862859,36.12845700833496,3.0458022609906754
-32.05221275772591,36.14725211855619,-3.1348483997171424
-32.25228251611813,36.14590277685504,2.8164227577397516
-32.43280315435463,36.20676295455422,-3.109862040215392
-32.632803775382,36.200414681482954,2.794077031602711
-32.813669383242996,36.26592703139692,-3.122627375944437
-33.01343580869271,36.2621379513755,2.802097856775035
-33.196802302002,36.326897231844264,-3.0822146128316654
-33.39648443270699,36.315026543835394,2.8227560024877048
-33.584266787974144,36.37701327313678,3.1246293215754752
-33.78346052369416,36.38039258675491,2.8677942154796936
-33.965283666587986,36.43145795077119,3.11660213630007
-34.16370756779924,36.43641769924531,2.809074414392665
-34.34408756042632,36.498710304447904,3.1401036010098724
-34.542910568936236,36.49900636258049,2.86868353605423
-34.723176570112884,36.5494614841325,2.8367535844099203
-34.90825548865052,36.607695891091815,3.1112793511148955
-35.10477295420128,36.61365480978794,2.845424286540974
-35.29018551830454,36.67023214128725,2.8686560406550274
-35.47222037570809,36.72118774988837,3.134452784360455
-35.67091424868003,36.722606422265045,2.8028646692352823
-35.851470533602765,36.786217545857745,2.9258731244417877
-36.0361809527592,36.82669298735967,3.0274899304006455
-36.22884980075111,36.84877293364535,2.883793342821225
-36.40912624819322,36.896305791812445,2.8270717926584057
-36.59423291971686,36.95652460413023,3.1260466888707863
-36.79234700500222,36.95960472684604,2.8367084347710425
-36.97403277392685,37.016780506946,2.8529569828226524
-37.155223625871315,37.07058106583418,3.1372434898837795
-37.35418855001191,37.071446402317044,2.808563168475827
-37.534489925345795,37.13381504754117,2.920875269959603
-37.71918122480322,37.17525475141922,3.0938433372818577
-37.913259101589006,37.184528886752034,2.7848573233943688
-38.0974456904638,37.25317158293303,2.9964421986689316
-38.28774919945431,37.280989863372774,3.046094506553103
-38.4800946917408,37.299414545957404,2.770316059897442
-38.66346960681126,37.370808365889,3.0388404793120234
-38.85463326611671,37.390520269223636,2.999284958129987
-39.04593159530299,37.417928764742626,2.7963151826372212
-39.22719365629202,37.48312616844338,3.08916999119664
-39.422944519438644,37.49339736045543,2.9116253119339954
-39.60764585192012,37.5366375887872,2.8172507039268653
-39.788616360976825,37.59748261693332,-3.105809420480356
-39.98833130160933,37.59033311889617,2.780269833537211
-40.17369123334935,37.66038320264546,-3.1206935548563894
-40.371668075012295,37.656245062592056,2.846213952913357
-40.55735104809949,37.71274466563894,2.897008834087863
-40.743398734674365,37.75917854400541,3.0995107238092072
-40.941767669403816,37.76753122272464,2.8078022933021174
-41.123488067579174,37.83054557858363,-3.1228599397939223
-41.32328367335339,37.82680242683059,3.1361052405895635
-41.52333542432083,37.82790020442824,3.1348046089831256
-41.72308829714109,37.829256156665636,2.835413118032065
-41.903791215063634,37.8863799906135,-3.1346378069339504
-42.10386046816322,37.88498851720243,3.1323779662771996
-42.30393336559886,37.886832178574366,-3.139454475142202
-42.5040080191028,37.8864043826104,-3.124599025393423
-42.70405526086666,37.88300452688189,3.1088336011891453
-42.903989326841746,37.88955652136321,-3.069033773235629
-43.10242676023506,37.875132801863565,-2.891794255069872
-43.29282528920443,37.826556960858255,-3.138004681666109
-43.49274449357618,37.825839653287865,-2.969696449450433
-43.682999577393105,37.79280955609844,-3.0207637474429587
-43.87776111337618,37.76916153650867,-3.0033256831230193
-44.069289163056894,37.74250947392248,-2.837153789422196
-44.25232516042427,37.684998358564144,-2.987052064126512
-44.44005985979648,37.655752531900234,-2.8197922119707055
-44.61908374579106,37.5960679797321,-2.818604688179773
-44.79832599207801,37.5360740221197,-2.6342445018121445
-44.97155590981635,37.439778577031156,-2.8306364957073864
-45.158231371548275,37.37978442561231,-2.6452096444164597
-45.33350206286975,37.284855144128265,-2.667001066084034
-45.51035289718419,37.19399700334812,-2.693470579976091
-45.69021408909498,37.10753034757761,-2.5631116792534754
-45.85482112241381,37.00004202976062,-2.6001700630120204
-46.02528894795903,36.897528641620355,-2.5949971322121184
-46.19109378795893,36.79664788063044,-2.422579920503057
-46.336661101884005,36.6692295077751,-2.432367983534163
-46.48259126552552,36.543994951671976,-2.60335597338906
-46.653161412924995,36.44215856228528,-2.3449777948273804
-46.79297325810683,36.299174549073605,-2.544519668798417
-46.95566938311956,36.1885658489844,-2.3570556776183595
-47.09572006120345,36.0487561831693,-2.1530815408751436
-47.20506133136988,35.88269495387849,-2.3994572767543554
-47.35243010876104,35.74755588411989,-2.114214072252176
-47.45564390382178,35.57669615503582,-2.294970882238843
-47.58535472498944,35.43004423767991,-2.2477212257342645
-47.705982422513365,35.27993285845897,-2.1156376759773807
-47.80528210088093,35.1160800473773,-1.9550719332308306
-47.875613953783784,34.942154434816835,-2.2265023751420814
-47.99259473112136,34.79008270384395,-2.032889410366061
-48.079956642316596,34.61467773161262,-1.8761225599588747
-48.138169889864514,34.429980385889905,-2.03281728229148
-48.22722007124202,34.251153389584026,-1.8584070204155283
-48.281764758392555,34.06676403517677,-1.8444621133745631
-48.331483753832146,33.88964451503453,-1.9187298907867434
-48.3982011336078,33.70569221417968,-1.852206831291463
-48.45177359965497,33.52037299383926,-1.90925611757653
-48.5145912690351,33.34191618244908,-1.5661155380428509
-48.51365532602944,33.14196352066692,-1.82718465479086
-48.56206509019961,32.957304770672344,-1.5977352626594068
-48.56738398115381,32.7599100306625,-1.572259501443317
-48.56767622917552,32.56017460368014,-1.9043738125489313
-48.63000910056369,32.38029577186255,-1.5666318437879792
-48.62917611730016,32.18027611835803,-1.5683506138853363
-48.62868685195114,31.980226320364114,-1.557659022219206
-48.626058852122405,31.780196807148656,-1.6132887328819567
-48.63455760490686,31.580310808171568,-1.296620800789816
-48.581049547177145,31.39006583038232,-1.5170391713755202
-48.5704053868669,31.192252070076606,-1.6006288247464875
-48.576363593566114,30.99258930477616,-1.2271030791915747
-48.510875837086466,30.809610331711315,-1.5913772598034366
-48.51499299769842,30.609591251656408,-1.251937541577078
-48.45572244744537,30.43005062921241,-1.2301784575398136
-48.39233387738823,30.251205231711083,-1.3348846953976858
-48.34863775209268,30.069431761564044,-1.4551694855281156
-48.32629501306984,29.877062247644364,-1.2573903768903734
-48.26788988241201,29.696847920062904,-1.0809861371183875
-48.17472228871466,29.522096762980745,-1.2111569423749962
-48.10653169651237,29.340734560458145,-1.0994907182978917
-48.016824445586835,29.16470319897947,-1.1129857877550606
-47.92892272522612,28.986303982875224,-1.0879039564755042
-47.836395802432286,28.809824466722308,-1.307533515218629
-47.78495515813272,28.61896305221829,-1.1194630353579025
-47.699114551406936,28.4418627578203,-0.9250791998467733
-47.58039988446051,28.284305144317543,-1.1055974414327199
-47.49065646000454,28.105512227266782,-1.1203698280431007
-47.40357245451775,27.925430770923157,-0.9515310286678097
-47.28884871008429,27.76448285471386,-1.0915117866688422
-47.19705228501272,27.587849978466483,-1.1227898768087972
-47.11092568866341,27.408643092093012,-1.0884715194045878
-47.018707151200566,27.232508758335246,-1.0116122500553624
-46.9137125688421,27.064735794808914,-1.1050845532960603
-46.82389956789319,26.88603292725999,-1.0958407406943904
-46.73243673458204,26.708164402232427,-0.9924506783833427
-46.62439457732716,26.54266030262565,-1.1058050564613213
-46.535023166333865,26.364516296334475,-1.1083828616931544
-46.44578441243402,26.185486758366768,-1.1212472208284991
-46.35907341290384,26.005774499592587,-1.049551560798325
-46.26177614712895,25.836330784637635,-1.0337156720540546
-46.16224334892854,25.669180308943016,-1.0796732189948146
-46.068026220839734,25.493018093078263,-1.0956346029752544
-45.97703211985583,25.316150775151755,-1.1273168594289118
-45.89138436905456,25.135854203555947,-0.9674048709515255
-45.77949723827656,24.97349356945126,-1.0761749084001713
-45.685009592350355,24.79830202703692,-1.0034899715302208
-45.58132259138799,24.635572737138148,-1.1046296329243959
-45.49155729143817,24.45716710388981,-1.0919689453313821
-45.400842904872235,24.282421077639228,-0.9930215876342342
-45.29478360888516,24.119751606777598,-0.9868089179240206
-45.188417880163826,23.958806588713898,-1.0755549648471796
-45.095546159523025,23.786866379550922,-1.1195585964042205
-45.008517752153644,23.607271774048876,-0.9930062626198805
-44.9010706140943,23.442479207047764,-1.0109234150446995
-44.79554287253323,23.274112310918927,-1.06832451266177
-44.69943170771899,23.09921093803599,-1.115157936555776
-44.61155521786693,22.91988148214084,-0.9416307960626674
-44.49445280537595,22.758990590436873,-1.0734390365753999
-44.3998106487311,22.584655835164277,-1.0348931480866705
-44.2985155345387,22.414089262545904,-0.9722273365020534
-44.186861135044104,22.25038227437342,-1.0991924584696895
-44.09624750006889,22.072703344164356,-1.0485098520373504
-43.99743670802957,21.901038172149047,-1.0105224684968506
-43.891282310963334,21.73182227239903,-1.0059627257196817
-43.78789220114983,21.56867010914437,-1.103889543385877
-43.69800305390303,21.390347155426348,-1.1005119134731527
-43.60866181865302,21.214590592020794,-1.0083171831712032
-43.50557457853185,21.051066090891283,-1.1053955926760255
-43.41631041543113,20.873317487816628,-0.9509252003652899
-43.30029127135747,20.710760682267345,-1.0964014893806873
-43.20896031285324,20.53290344952804,-1.1245462376294146
-43.123618347644566,20.35452740287588,-0.933684998767879
-43.0084380551898,20.198891704062635,-1.1516567310996007
-42.92826789938858,20.018952787645585,-1.0193680374111518
-42.82409937573866,19.849592934256407,-1.0645840264984183
-42.728764280713406,19.677630968648472,-1.0776975928557246
-42.63422022469795,19.50169416174955,-1.0378467218516778
-42.53523665648139,19.333893003403315,-1.0354378504476762
-42.43551838894588,19.165773099799527,-0.9692484982134654
-42.32602593205624,19.00625878921803,-1.0278807662635108
-42.22493467464813,18.838722659173747,-1.1129401839127142
-42.1372653673802,18.660815596649215,-0.9344216777603306
-42.01894995363371,18.500697063880985,-0.8817892837847221
-41.89531830415432,18.350598201736354,-1.0448617771720383
-41.79861556440332,18.18400400732206,-0.8653317816659256
-41.67147661065118,18.034722594522098,-0.8940149197707236
-41.54923833684834,17.88256227327275,-0.8304028394681744
-41.41488634597812,17.735538500939793,-0.9583320865715654
-41.300002293613254,17.57202417406197,-0.78086000463218
-41.15795757543772,17.431262883265614,-0.7729992621174984
-41.014787169758286,17.291599485707007,-0.8076335718459964
-40.87659596278591,17.14712198860101,-0.5726679107442383
-40.708682034404454,17.038861329435406,-0.7994142559140284
-40.56971518736719,16.895943299137222,-0.6253825540591944
-40.408882109236494,16.77981115505615,-0.6050395835099545
-40.24627785765518,16.667360429804635,-0.6812110913521512
-40.093207437632,16.54327138284677,-0.48049445840375665
-39.91796503277241,16.451928122806777,-0.4759993524555385
-39.742118150472976,16.36127265057231,-0.5691780450221052
-39.57950277281058,16.257229784729773,-0.3404259082629968
-39.400829869363726,16.193940956342505,-0.5181888745058356
-39.22826538214527,16.09555168194014,-0.30785189665475093
-39.04471361988252,16.037189451556067,-0.30709384611957424
-38.86441535821107,15.980012162882725,-0.33785956574756776
-38.68020900035746,15.91529486395265,-0.3088149585253857
-38.494134358791904,15.855933078358754,-0.09037946729502652
-38.30148725340912,15.838474172301675,-0.2974632704313244
-38.11515694764358,15.781352948196025,-0.1883764071208974
-37.92797147946391,15.745668525062694,0.005597368112285847
-37.727944032150106,15.746788164010855,-0.3099896421036483
-37.53835914609542,15.68606107564864,-0.0029133213095008637
-37.33856778249822,15.685479017564889,0.020599056614638213
-37.138553372519674,15.68959970856836,-0.013111789601639145
-36.938494020381526,15.68697642210261,-0.0070324576143695194
-36.738426496037164,15.685569432523131,0.013058249315850942
-36.538380888601935,15.688181826427869,0.20074556306317895
-36.348917330707735,15.726735074706545,0.08669295621969472
-36.15570774706485,15.74352707347503,-0.001541895921462636
-35.95580818388831,15.743218848909605,0.31255084481009643
-35.776536375404234,15.801149170908324,0.33855836986238963
-35.59695228736652,15.864383544662452,0.05195718342441031
-35.4009649735122,15.87457566650537,0.21509672879690345
-35.21762933185816,15.914630206239583,0.33606822401572223
-35.03876607489693,15.977110583429711,0.3293659443713276
-34.85759906360771,16.039036470938814,0.28633850371825775
-34.67102689714064,16.093968833267166,0.3142025994029547
-34.49155865676497,16.152290197667842,0.32303393334423025
-34.312392779064986,16.21226775273423,0.49432172414292025
-34.13815785777126,16.30617205990169,0.41045171252898033
-33.957833069756475,16.38464370091703,0.41826727282306403
-33.77790144420565,16.464622565588133,0.5666457769810767
-33.61240609621345,16.569918386963053,0.47403272926235773
-33.434692213781936,16.661094428671888,0.6106608656217518
-33.27161854149905,16.775230182306995,0.6233315661944026
-33.11341927085899,16.88896763791476,0.6139824151026526
-32.95126511207351,17.003264139525143,0.7238722698892829
-32.801408662242736,17.135728592581785,0.7906235990741854
-32.66068019073668,17.27793553836827,0.8085088088095636
-32.52250887383815,17.422645590437178,0.7808338362534929
-32.380400933092325,17.5634621621832,0.7521292294299755
-32.234352950352694,17.700101952738912,1.0154571371332417
-32.12949313432498,17.869101052183645,0.759677000057836
-31.984747050728526,18.006586218411545,1.048298959055381
-31.887810846887643,18.174912530184045,0.8774952477850283
-31.762495199620865,18.325731518453782,0.856690692747527
-31.633872757207303,18.474137550388804,1.0323311679313159
-31.535123150654048,18.639451686455963,1.031760219784207
-31.436603870028716,18.804166554466534,0.8157974368381832
-31.302580582439013,18.946596406342312,0.9409065144569221
-31.188777800327927,19.102716044112075,0.9810814411782695
-31.08269344482707,19.261253738570918,1.0316144783339336
-30.9837998394092,19.426539754581682,0.9974447358863607
-30.880409805451563,19.586658793497396,0.7683262571068851
-30.737165057360205,19.725094256195128,1.015846347731921
-30.634200017248457,19.891183867353746,0.8416307437281613
-30.502264089758718,20.038859678260707,0.9270032270756241
-30.38237160577824,20.198619118305388,0.7957401474251135
-30.242391775944288,20.341524648320988,0.7605078222642067
-30.097432907399327,20.479441196868883,0.7800451423280733
-29.955206085388976,20.620153425711834,0.8084512164812403
-29.817031575237507,20.764850136571276,0.7944024294590178
-29.676862683156436,20.907566269523674,0.6353975465653121
-29.5162422771674,21.02601006978162,0.7203869903633917
-29.366874227133483,21.157118296072273,0.6102907658273335
-29.20444693776925,21.27071210539413,0.7660010889728851
-29.06205146816732,21.407687909873566,0.5354066999070377
-28.89364629773852,21.507586358455974,0.7943531145825948
-28.754287262667386,21.64946392085045,0.5865747228911968
-28.595101064716534,21.75526004420991,0.5501448331224851
-28.428116433163716,21.857672471272572,0.8329068165179454
-28.29389432924646,22.00529470317678,0.5191071280831707
-28.124015378477182,22.102359604008935,0.7164520573613228
-27.975572064987453,22.231625548927653,0.6845820454374145
-27.823617543177328,22.355661164144564,0.5370277373837585
-27.658191832566636,22.45415506203651,0.5461604303857331
-27.49506546879961,22.55330893265701,0.7566669138923992
-27.352043137028712,22.688340237085853,0.4241992820084103
-27.172022554991965,22.76964091117876,0.637485009377766
-27.013563536166135,22.887002308820712,0.5223969375278495
-26.84508122680217,22.984005817958522,0.5276545029524276
-26.673885226610736,23.08377381842562,0.5783600076295293
-26.506931846116245,23.192765494695546,0.4643734482440439
-26.329108589349644,23.281838520554153,0.47074125365023256
-26.151836188748177,23.372052226717933,0.481426231700046
-25.974600122749564,23.46464477562225,0.4764760044295348
-25.79702301288841,23.556299408094347,0.3307068435308091
-25.61596090811439,23.618460714114253,0.46250889520338617
-25.437808187925377,23.70728363719467,0.2654533319908606
-25.249131891752267,23.758578936093247,0.5082726002277357
-25.075592440620685,23.855256554785512,0.34159545488057214
-24.895176683859283,23.919400307694595,0.3264949558443376
-24.7161627325518,23.980016808944093,0.21030754030794668
-24.533384826271533,24.01903330777057,0.3191863774092568
-24.354207721350587,24.07824895335201,0.11988277461927094
-24.162215605125656,24.101376402221646,0.3358874235311742
-23.981734003267437,24.164385487791264,0.31613148468745583
-23.79920634728887,24.224090563196192,0.20283043229416128
-23.615958754192327,24.261776983496443,0.33481124966856707
-23.43620694574368,24.32431434603418,0.22673911122107418
-23.25058568503667,24.36713834280881,0.048757247040579405
-23.05505813278407,24.376679289641874,0.3140822008734112
-22.86833902736793,24.437332096510442,-0.02439541888374854
-22.670217979241837,24.43249789150978,0.350259857816864
-22.487553500648605,24.49922942783725,0.09416533892734398
-22.29155715483451,24.517740235000403,0.1871766804322473
-22.10299594270501,24.553452535582576,0.21997512893395102
-21.91276009579797,24.595987997684233,0.10034123507912206
-21.715511574765713,24.615846851400335,-0.013689031237218053
-21.515754715748756,24.613112202700382,0.08332730375548558
-21.31921660586216,24.62952720326856,0.24469510734227878
-21.127807140289114,24.67732190628296,-0.05988483514178324
-20.92810615887877,24.665348529561935,0.2869758857274234
-20.740303334005876,24.72077333751946,0.04128615126473123
-20.54200177356422,24.728965100682043,0.0021872662111246896
-20.342520267281223,24.729401420536284,0.3104727592897887
-20.1536751711087,24.789992153047773,-0.018238613288187835
-19.95363458145403,24.78634328548718,0.004535712795786299
-19.753555930103953,24.78725079100956,-0.002288926405421266
-19.553477379462052,24.786792825132046,0.039640770188768
-19.355237082921224,24.794655341962716,0.2669746747055522
-19.172850632224225,24.844538729381323,0.0032697609300739194
-18.97279186016752,24.84519287606915,-0.009989527774114281
-18.772724396177917,24.843194230098415,0.024056171745109437
-18.57271126093869,24.848006708793,-0.04266842183498491
-18.37286026178896,24.83947420335185,0.16876641922007796
-18.178192369435447,24.872643112834584,0.1491940861451504
-17.984582108025823,24.901744864033876,0.010758642579518338
-17.78453274211745,24.903897206703984,-0.015416929320451427
-17.584472602926336,24.900812649293403,0.023958279520087333
-17.38446633265895,24.905605372463686,-0.03310534646468102
-17.184571204134667,24.89898535636754,0.09743837095604756
-16.987199896056662,24.918277990053905,0.2233185372810338
-16.79613804092438,24.96166938019796,-0.006144122145187398
-16.596092046450714,24.960440257706665,0.003807731366104836
-16.396013074774928,24.961202108364795,-0.0023287371790597015
-16.195932492731917,24.960736172432323,-0.0033323355794342294
-15.995852388615765,24.960069435914722,0.0049574159988689396
-15.795775664820226,24.961061307591685,-0.009268500219411361
-15.595883705217204,24.959208555866336,0.2859157947903497
-15.412153519665218,25.01321976845963,0.030334210435228767
-15.212411642364547,25.01928063971161,-0.001888844094760012
-15.012330626364426,25.018902717416623,-0.0030491583077026964
-14.812250612496914,25.018292639889427,-8.162098714024286e-05
-14.6121697005341,25.01827630908785,0.00600818962724145
-14.412093515941663,25.019478419209538,-0.0046751869066275695
-14.212026834684677,25.018543063266055,0.0805208226060623
-14.015512344904776,25.034400858341886,0.23302749811831142
-13.82684557504991,25.07917886205283,-0.015521302440107746
-13.626791942322901,25.07607351974083,-0.0013357829428904172
-13.426712369115075,25.07580625670076,0.0035790986574294015
-13.226633217806762,25.07652236278035,0.002082103251812739
-13.026552739938552,25.076938951595935,0.00041082757574964604
-12.826471819888177,25.077021150359897,-0.0006708499404626604
-12.626390919197938,25.076886926079446,-0.0011647824802253502
-12.426310115605757,25.076653875359398,-0.0010720631377670743
-12.226229309546207,25.07643937602047,-0.000393667531908915
-12.026148400882517,25.076360610658906,0.0005725502659720763
-11.826067512287416,25.076475167037405,0.0010561094394091748
-11.625986699583677,25.076686474350907,0.0009337115306915767
-11.425905867345213,25.07687329218533,0.0002047163354960603
-11.22582496480456,25.076914252015072,-0.0011316304305290365
-11.025744206711437,25.076687834444,-0.0030761846953802924
-10.825664295145561,25.076072349740762,0.006982347025574816
-10.625607006251617,25.077469241857862,-0.2326978961083257
-10.437836740477081,25.03296938419938,-0.06501928216664082
-10.241499793361411,25.020185677352394,-0.005917499427348697
-10.041463973426122,25.019001951685684,-0.0050803660619609435
-9.841386103209858,25.017985474118937,0.001414958674827455
-9.64130549184997,25.018268580104582,0.002440001142695586
-9.441225160251813,25.018756777311157,0.0012576817205976914
-9.241144409049452,25.019008415347265,0.0002804956755842535
-9.041063498589423,25.01906453717889,-0.000434275583610289
-8.840982594448171,25.01897764692201,-0.0008868031885045061
-8.640901749679324,25.0188002145444,-0.0010771386537389764
-8.440820946192765,25.018584699693744,-0.0010052123984826552
-8.240740136055464,25.018383575914953,-0.000670832959216618
-8.040659268633013,25.018249355054444,-7.368686434173557e-05
-7.840578335364945,25.01823461171783,0.0007866606440485093
-7.640497467231075,25.018392007494885,0.001910764166777393
-7.4404169112800815,25.018774314716936,0.0032992961152204787
-7.240337093355272,25.019434439678182,0.004326333501857657
-7.040259297792066,25.02030004834869,-0.01344308711401721
-6.840210441859704,25.0176106121408,0.017308376890361195
-6.640993725518197,25.021059074520327,0.2888748141645678
-6.454267029390926,25.076551973066763,0.00097041286775912
-6.254186157899257,25.07674613418,4.8945895802187386e-05
-6.054105192307014,25.0767559273221,-0.0003353160747632833
-5.854024260195599,25.076688836966795,-0.0002769504031361464
-5.653943352551883,25.076633424477347,-0.00014974078885052246
-5.453862435069741,25.076603464202705,-4.694757403518381e-05
-5.253781518124258,25.076594070889037,3.141752584845065e-05
-5.053700602812362,25.076600356936368,8.534568079508719e-05
-4.853619689066502,25.076617432978207,0.00011483094384729212
-4.6535387760182525,25.0766404084584,0.00011937666805170533
-4.453457862234517,25.07666429345134,9.644871305327881e-05
-4.25337694650519,25.07668359099823,4.523904382964133e-05
-4.053296028946041,25.076692642467634,-3.424670219874206e-05
-3.853215116219627,25.076685790356198,-0.00014199944690832943
-3.6531342059037857,25.076657378977405,-0.00027800703736610715
-3.453053301069852,25.076601755076386,-0.0003640376594779257
-3.252972344636408,25.076528918070082,0.00011954024735517898
-3.052891377797186,25.076552835798463,0.001386061741191874
-2.8528106485126923,25.07683016022007,-0.0015727900304568624
-2.652736396315456,25.076515485171395,0.141547279998719
-2.4589124663179183,25.104135443228163,0.15412916651575048
-2.2686690956329914,25.13369191274996,0.0010987968218227327
-2.0686218513064607,25.133911724114704,0.003553888735386976
-1.8685421625491991,25.13462278806037,0.0015710613956494445
-1.6684614450268247,25.134937127410304,9.462517244642148e-05
-1.46838051771794,25.13495606010261,-0.0008784808776527424
-1.2682996904827375,25.134780292876684,-0.0013502779246511375
-1.0682189335020036,25.134510128083193,-0.0013152350691173105
-0.8681381141281539,25.134246974621156,-0.0002529529806308513
-0.6680570665285613,25.13419636352272,0.0027355553472604836
-0.4679769023285101,25.134743695251053,0.007567858233222708
-0.2679059669172825,25.136257832633078,0.025996125415494353
-0.07041539476208548,25.141392979142154,0.2836231215577842
0.11697799466108286,25.19601461837734,-0.021884713958629474
0.3169653158304448,25.191637254203254,0.004440231035762756
0.5170442850118578,25.192525656890304,0.0016659520094451498
0.7171249863847293,25.192858982045177,-0.00017765339609470066
0.9172059538530076,25.19282343698144,-0.0010976098327910209
1.1172867568594127,25.192603826236514,-0.0010974298315032643
1.3173676021444058,25.192384251460037,-0.00017718052455986677
1.5174485717297284,25.19234880100852,0.001126462987375101
1.7175292193694014,25.192574184547908,0.0009702154605904165
1.9176098819777487,25.192768305961046,-0.001036968013023042
2.117690509010642,25.19256082867642,0.02100167883045089
2.3169437728446507,25.196746097080304,0.29187814681896823
2.498330145518244,25.251245325473324,-0.00520118973146522
2.6984038323230752,25.25020469488412,0.0012781932363938144
2.8984843349630314,25.250460436568602,0.0006557765438073112
3.0985652176082974,25.250591644937114,0.00017048967854364666
3.298646145250097,25.25062575667048,-0.00016717651894185628
3.4987270730084266,25.25059230783716,-0.00035742812667481535
3.698807986150858,25.250520793288146,-0.0004003813077547453
3.8988888892463693,25.250440684630227,-0.00025766766391905645
4.09896985020899,25.25038913023528,0.0009591219929513938
4.29905079713586,25.250581032330693,0.0011102089556599257
4.4991286302957345,25.25080316062416,0.032773669553141545
4.697619024743571,25.25731074935091,0.2755877805808085
4.879673846638882,25.308792811442682,-0.0023106024096703525
5.07975201568577,25.308330509520435,0.000681059244077628
5.279832857615142,25.308466776448462,0.00034957714292314717
5.479913757579729,25.308536720160674,-4.371647641204051e-05
5.679994683042535,25.30852797332761,-0.00023603259063797357
5.880075609783742,25.308480747707257,-0.00022753120503959994
6.080156537043274,25.308435223051987,-1.820524430187929e-05
6.2802374630299695,25.30843158052985,0.00039211944717058064
6.480318360425465,25.308510036144746,0.0005415819544847414
6.680399203208889,25.30861839632923,-0.0020057350780725205
6.88047813121305,25.3082170904668,0.2554409447003021
7.063946710180394,25.356129127057443,0.05391791818347537
7.261529651961968,25.366792723479488,-0.0039932636778484045
7.4616077256926046,25.365993754728095,0.0017216364408508189
7.66168787594364,25.366338220346194,0.001577800165769605
7.861768526629481,25.366653907891976,-1.9000391597970198e-05
8.061849413589593,25.366650106276772,-0.0008871648012520335
8.261930269311978,25.366472601537602,-0.001014032082374147
8.462011135871466,25.3662697130503,-0.00039999213397279407
8.662092094702103,25.366189682236342,0.0009568431786433733
8.862172952085045,25.366381128298332,0.002879213054665656
9.062252578225147,25.366957201761746,-0.0019341669690543279
9.262331017220014,25.36657021617125,-0.006731207231440186
9.462393002260436,25.36522353715179,0.26094565571227074
9.653589288529629,25.416279517802533,0.060963560375042254
9.852333835580875,25.428410725490572,-0.03283257044269964
10.052274008624595,25.421843815844515,0.00825827503472938
10.252346143573696,25.42349610412341,0.006716165094612638
10.452422238560668,25.424839868413223,0.0019584271292968766
10.652502727415005,25.425231711971602,-0.0011471010244376444
10.85258360313971,25.42500219889342,-0.002621312998022203
11.052663960812438,25.424477724449932,-0.0024741598523959885
11.252744346397332,25.42398269258256,-0.0007078088070859787
11.452825141233985,25.423841073610195,0.001714888576156379
11.65290566313782,25.42418418974787,0.0024519987073399196
11.852985908372352,25.424674787233755,0.0011536275731525362
12.053066465914316,25.424905605784183,-0.005026838841643333
12.253141753261168,25.423899851086972,0.20031021534692675
12.44003179519563,25.461844700399805,0.1049897859645291
12.633800317454083,25.4822634957431,0.0020063621854793682
12.833880553430722,25.482664929701283,-0.0004947159602054004
13.033961393304269,25.48256594650839,-0.0016362235748615156
13.23404209498646,25.48223856945527,-0.001423924310186521
13.434122900772572,25.481953669339358,0.00014329551645234122
13.634203882506553,25.481982340047164,0.003073440410252935
13.834283823929312,25.48259727576065,0.005501443684665968
14.034359981462872,25.48369799457873,-0.017934344547861723
14.234389656671684,25.480110208796162,0.2484255964292971
14.420597806857199,25.52734479974096,0.06387727878519055
14.617294650175184,25.539926375724217,-0.1355625714450731
14.81211144242902,25.513353532380894,-0.18558891150715498
15.005642065834945,25.47701826542216,0.043192708233149926
15.205479397615694,25.485655152677197,-0.029146015934618137
15.405440982967383,25.479825418263225,-0.053012114676402884
15.601429084803712,25.469425930869097,-0.25791427828497254
15.786150647448606,25.420698330714742,0.04612316368368139
15.985991205928029,25.429922151185174,-0.25282197675758944
16.17807190799946,25.38029808931915,-0.048774695367222114
16.37483815161239,25.370693257982026,-0.34539414546164726
16.55636452182955,25.30537686540499,-0.2063704064188534
16.743173197435674,25.266268305516284,-0.1613804125997932
16.929056545496085,25.236007213892947,-0.2082540743528924
17.115153255278877,25.196681651896945,-0.3237323152481108
17.29604765432453,25.135984933461515,-0.44715809719953803
17.47227720520378,25.0514732024405,-0.48199715959124023
17.64846931194254,24.95929795810064,-0.4638874987102087
17.809066449197733,24.878951226694507,-0.31132009503804864
17.989197741913564,24.820987918010196,-0.5475116797324676
18.15859051528108,24.717711389123796,-0.5642259837456104
18.32691054845755,24.6111896719407,-0.6015751227135326
18.491353446785915,24.498307572579357,-0.6193139138550247
18.654148581305677,24.382255194130305,-0.7449242298758909
18.80116777267964,24.246679960348416,-0.7944499320461641
18.94136222621533,24.103924237322875,-0.7947982846385588
19.081503780949387,23.96112290682155,-0.7889624250001885
19.222476323361054,23.819141839452428,-0.777420710949112
19.3650766756326,23.678798703288532,-0.7615334571555753
19.509895251635744,23.540732374346874,-0.893631576170715
19.63452752020616,23.385713794056173,-0.9611089332910189
19.74815855227213,23.22302435636065,-0.9478672544471617
19.86372763315249,23.06214086434335,-1.1235560564159028
19.949682917928765,22.882938888016735,-1.1082159694482363
20.038949628700582,22.70392809712174,-1.1082772196880155
20.128154155740077,22.52501456683533,-1.12121668446001
20.214562012069905,22.345944556874553,-1.1897826211132325
20.287704234676685,22.163357686359284,-1.1206872712153146
20.373170872933258,21.986477549491493,-1.432402955469945
20.400185877626434,21.792520906231374,-1.0555868882348876
20.496768827069534,21.62194539510461,-1.2396002813073526
20.55822044293672,21.443235173479003,-1.2376826716141824
20.619748035296038,21.26541364353958,-1.245838712340092
20.679929972092378,21.086779517898435,-1.4531439273156515
20.702618315362432,20.894827955803063,-1.24615228416931
20.762759800132745,20.716128717413447,-1.2435673100616482
20.82325460505343,20.5379049306919,-1.3664482598286578
20.86126577207902,20.354489462215312,-1.239358524518675
20.922733573388165,20.175872610285925,-1.2513353962550846
20.982177422480376,19.996170606575,-1.229757692830717
21.046996056991294,19.813534495365737,-1.331503410515094
21.090542750192768,19.635040596174804,-1.2521718673534115
21.14956597969684,19.456108311437312,-1.4478165214561018
21.173243084694988,19.264551494666758,-1.2456451636327563
21.23453069508197,19.082751775796297,-1.2406313792492185
21.296475344002733,18.90200187776215,-1.4062231613319067
21.327427880748033,18.715625271877347,-1.2486980611236769
21.3871442248599,18.536683663640257,-1.2505230057063301
21.446468313409788,18.357831141120208,-1.284316693540683
21.499150160151192,18.17899577782046,-1.2423360677219062
21.560128599469905,18.000071259406614,-1.259304175001111
21.61776998099238,17.821046054438916,-1.2597977177476978
21.67530010500207,17.6420636481916,-1.2585549108052134
21.733124609084438,17.462929880760136,-1.2461231373987187
21.793275979936766,17.284218498092294,-1.2496199059988982
21.85273278112153,17.105506144051162,-1.2568448022985008
21.91087639492671,16.926431929241488,-1.2440373769950994
21.971514274635773,16.747510343748836,-1.3353664290600946
22.015034618770947,16.56608357167287,-1.2693812470873425
22.072164575277597,16.382319438999122,-1.4055500315080862
22.10324663209689,16.195939296445566,-1.2659662069516162
22.160941321814747,16.01256995991721,-1.389772332609891
22.194863418159702,15.827231294483887,-1.2470453100677537
22.25490875532166,15.648289303164823,-1.2597497765478995
22.312375915529696,15.46953220078737,-1.2490296537278656
22.37230194355014,15.289763775537907,-1.2388234137979772
22.435822790945718,15.105501568750723,-1.2680257013931406
22.491772027881066,14.926392140370508,-1.2715745718951725
22.546860297206116,14.747814594273642,-1.2491475773824763
22.606497154657433,14.568843290077751,-1.411083924488549
22.63663046659488,14.381777910559865,-1.2510205698077455
22.695943442215313,14.202660690389084,-1.4366146347388622
22.72157137996362,14.012814039779714,-1.2510228921470425
22.780893537962953,13.833667695911066,-1.2937641591002749
22.831849917961776,13.654460777444227,-1.2408602255251133
22.893103600225025,13.475593611555487,-1.241588208340137
22.954207869537964,13.296738055548238,-1.2603510029787552
23.01148578907411,13.118201272794192,-1.25466895492504
23.07004021771167,12.939188830427158,-1.2469874688194298
23.130107613063515,12.760215427827003,-1.3747677842238997
23.16667587670458,12.57606543827008,-1.2727322422509806
23.223619217721787,12.390712868247908,-1.21021181357338
23.29028650316023,12.213909548017886,-1.4448910844049547
23.31449082498944,12.022684073052831,-1.2454731429654393
23.37468554691249,11.844227645824693,-1.2431594228629013
23.435261940202675,11.666002369072766,-1.3851617247332983
23.469965019836987,11.481211735364115,-1.237893090014357
23.5320008681283,11.301799129605335,-1.2516297412161803
23.5926177804852,11.118369830038848,-1.2568009088402854
23.65321074249554,10.931779848574857,-1.6348654129614673
23.64044891563442,10.732863942986041,-1.2140443457932897
23.709291770649983,10.548149673837857,-1.581868724299277
23.70708401613279,10.348765187009512,-1.4515678898559572
23.730040717559426,10.157134573838427,-1.3931839995639195
23.763834034116314,9.968875020307625,-1.9153075275884186
23.699516152141044,9.78962705633731,-1.6262132074840554
23.68872604549806,9.59511847584599,-1.7632723670092165
23.652073633021622,9.407050030375075,-1.9084442941998598
23.587590825105803,9.2233868491443,-1.7759685955661186
23.549799306783644,9.04178463715976,-2.157208600452894
23.44049610192877,8.877263537011782,-2.1171770217876777
23.338834048815727,8.710093722332086,-2.3670328507861265
23.19583152401505,8.570157905388102,-2.360551407973346
23.05373942586396,8.429298610991037,-2.351312266891302
22.91295505644479,8.287132804654718,-2.3397099789134996
22.77382044610846,8.143333748591694,-2.605515110041243
22.60630068247244,8.043808540661537,-2.3372216063615414
22.46771388593049,7.899860602113109,-2.5774168550394
22.30047677935351,7.794035971297845,-2.586765488638237
22.138024333116473,7.693353360210137,-2.4688320866868403
21.98776535026144,7.573633416082613,-2.51361811065128
21.828553460818014,7.458042862978903,-2.5103686599645747
21.670562656785837,7.342552993959944,-2.591061362348793
21.508417402716926,7.243022326152052,-2.5591446423418787
21.342921898565564,7.134014924824558,-2.547287303297176
21.17793731786126,7.022516832192506,-2.5343091292709885
21.01530482573293,6.909506266068386,-2.5705554119846834
20.854288754929186,6.806064243394092,-2.6194281248871145
20.685534098466167,6.708956144728537,-2.526703062619838
20.52793749273097,6.597657958771139,-2.756577624612021
20.346015774645725,6.52393608888621,-2.5007628188348168
20.189238425429334,6.407006137747108,-2.6770282721111576
20.011165089029113,6.31776530998856,-2.543988770889747
19.84859417590924,6.207115489584606,-2.6785041597371197
19.672797819790755,6.119340140207589,-2.690861886283418
19.492749768573496,6.032204684864671,-2.669648796455841
19.314579517564177,5.9412641395145895,-2.6545460031718116
19.13882190693918,5.848182818225612,-2.57818569759889
18.97157446001294,5.742531631544674,-2.6758706389641866
18.792886092264244,5.652723625733679,-2.6626771663014575
18.615431752320184,5.560583446774778,-2.695329479579209
18.436241296157775,5.474848955312833,-2.648627619821298
18.260397025598344,5.380384923400095,-2.6887167597698447
18.08161303490866,5.29338738723267,-2.638048326900304
17.907912978930888,5.197693671767142,-2.611552962477592
17.73704556358379,5.097570435863064,-2.6715554388181677
17.558697971641596,5.0069675914124,-2.6712018833127
17.38036041825116,4.916290507872781,-2.668462898577016
17.202415446702936,4.825198785877469,-2.86451189086098
17.014794248408023,4.7718400026448204,-2.651102018981245
16.8398897526358,4.678437760354756,-2.6956930097992013
16.660473179084054,4.592675222255194,-2.6692518074308946
16.483865243686292,4.502443709362914,-2.815362123976649
16.303308468948504,4.441358001066061,-2.830241952736367
16.12408650845253,4.383681247380923,-2.8293480207878026
15.944555928278287,4.325728014176407,-2.7918271233341714
15.76376492220603,4.259782179554019,-2.834537471011077
15.582426027583148,4.202282595206271,-2.9056435809654073
15.403808592607945,4.159338068100197,-2.810682012237337
15.219641066722083,4.096068665254288,-2.8287589576701655
15.039370847508447,4.037759395249286,-2.835207208602175
14.855022664120671,3.979441464359407,-2.8198466767689316
14.676322257591176,3.9198755710866915,-2.813192921584042
14.497456774393566,3.8589293346866413,-2.8786148542378402
14.317177775887675,3.810395955035366,-3.0250096924325027
14.125088424558195,3.787899596778,-2.9475732030435937
13.940503547946179,3.751630292462737,-2.817029601100348
13.76156873974945,3.6914256593093016,-2.8238333420095945
13.582852446259482,3.6326450683419447,-2.8001516662605908
13.403984781365079,3.5690828331395332,-2.902656833014225
13.222480590120497,3.5248703929456497,-3.0257251417948305
13.03018397743572,3.502489215288249,-2.8224950443876504
12.85094107857,3.4432694740679546,-2.929478018215377
12.668022076523066,3.403877108382182,-2.8069568249694234
12.489243336445261,3.341713441022156,-2.8055425403533105
12.310510693277818,3.2792823216977607,-2.9231822809201775
12.128085686590067,3.2387929280917245,-2.822387726999689
11.948780104457251,3.1795311332420555,-3.026398883480401
11.756484102689923,3.157281329281612,-2.909013217824141
11.574631928179187,3.114206757367616,-2.8011832762585747
11.39564666087978,3.0508106146691825,-2.8137040792049026
11.216975328767475,2.99003244788848,-2.9489988760661565
11.032736809626472,2.9541039285757043,-2.811461915084393
10.85561775998771,2.893410375351673,-3.0002210645269405
10.665813551700207,2.8663972518146728,-2.9174343743461324
10.478995507799636,2.82380465694691,-2.8166677742407322
10.300253572288513,2.7635929141249904,-2.8145609947444714
10.121369376426939,2.702913314504932,-2.8142171430364673
9.942760782374158,2.642258712689107,-2.952628309970151
9.758191825990185,2.606960621645014,-2.821737471628185
9.579069386010197,2.5476301302976405,-3.022230720167497
9.387216972529014,2.5246208783450967,-2.8815024985393562
9.206872610075788,2.476627983025997,-2.7967857128786022
9.02803353067984,2.4123971114218503,-2.8423808491859623
8.849100662819584,2.3572011810086044,-2.8266429600510263
8.664996415247053,2.2972211591832,-2.9383989309402354
8.480193114712367,2.259144812379658,-3.0209947746959203
8.2886074317758,2.2359273188701025,-2.821595474883577
8.109469559967323,2.176563486980949,-2.8831132240181065
7.929449737014146,2.1289673220451624,-2.7969031987258353
7.75062714957229,2.064766091732935,-2.8222347510426684
7.571728225702845,2.0056083421573585,-2.9701573710184586
7.3857484543160306,1.9734087786988315,-2.8213208879493403
7.206607904020676,1.9139894627185128,-3.0149917984958168
7.015824637301403,1.8897062639501983,-2.8650983118207813
6.8360767281029995,1.8387005298535168,-2.81226525106157
6.657126538339465,1.7775400915007318,-2.811950646638689
6.478163744990773,1.7163124596806336,-2.828561873141782
6.299444377445768,1.6584659096906307,-2.98494573591888
6.111661850974937,1.6288073683133275,-3.005190412262421
5.9219446225609,1.6027678189060446,-2.8221673467282438
5.742667176047987,1.5434714948868944,-2.8546732357243956
5.563684724667253,1.490660762982128,-2.7946821573950342
5.384858092745733,1.4260093453297307,-2.8482185431299545
5.205965078634487,1.3719673615351855,-2.8368451346473145
5.021610931324667,1.3139795492602722,-2.9606353907751846
4.834682124976749,1.2797793049216668,-3.009069671679919
4.644474307869975,1.2544237896688182,-2.8509455683923663
4.465358490708973,1.2008470907595832,-2.811200119051921
4.286351421459365,1.1394541971677488,-2.8120183156866356
4.107384473260734,1.0782386716099812,-2.8379661411199306
3.9285067057346916,1.0221937164007453,-2.993332686420099
3.7401789435736625,0.9940658528996442,-2.8217760819245448
3.561003070046963,0.934725339758317,-2.999037199043959
3.3719462892786867,0.9075902009748077,-2.843237012716474
3.192939095858728,0.8525391417773698,-2.79459155283787
3.0139817605636314,0.7878221365246025,-2.8537836360594033
2.834986114665602,0.7348343683670149,-2.8220381829203895
2.6556625913539795,0.6754971073019933,-3.0049928786421156
2.4659974991053577,0.649426541751683,-2.9857070004742026
2.2783072644349986,0.6199290056064415,-2.8200676322264533
2.09917367046303,0.5602626937341286,-2.8382104695084553
1.920485522843713,0.5043250898448871,-2.794908659611776
1.7414728808206066,0.439652266391384,-2.8640741585263396
1.5618958746430796,0.38849624695000506,-3.015167076287076
1.3710038435830654,0.36423320491634575,-2.821733990519264
1.1917981142891863,0.3048744334806587,-2.9708680363271878
1.0056537768138691,0.27278261286305794,-2.8227100639112837
0.8270527288384175,0.2138175231999762,-2.8179410371713804
0.6472766651525913,0.15351218800570013,-2.796655602284087
0.46463155243210547,0.08788753146959886,-2.880829937810739
0.2867599426436935,0.040424555910659084,-3.0181579629085653
0.09628398641259077,0.016793075708661172,-2.952186904083131
-0.08708067509216663,-0.018358604301013864,-2.829794239555219
-0.2718202825108205,-0.07790232256578652,-2.8400483190007337
-0.45146049692039364,-0.1337756693496905,-2.8004901155367565
-0.6279330123558146,-0.196419505392158,-2.8885403032388575
-0.8121803556472313,-0.24406509995592546,-2.799589951065961
-0.9920918343309191,-0.30811210726833144,-3.0072718142793864
-1.181621427729301,-0.33372409817993526,-2.9606537843967398
-1.3663484325092816,-0.36751799232493454,-2.8391156946812175
-1.5504066116101782,-0.4249537727787227,-2.818472974758072
-1.7291509970257648,-0.4848072736898107,-2.8128854722621774
-1.9080577467945066,-0.5458289685417635,-2.8705482319363105
-2.088092111466143,-0.5958574364023844,-3.0215733270833343
-2.279831968057427,-0.6189810607754997,-2.956961663238155
-2.46494849450743,-0.6535530408734482,-2.820844552306796
-2.6438511970455045,-0.7129880731371634,-2.839117982851624
-2.820323837205514,-0.7680563255018243,-2.790050086913447
-3.003531543435519,-0.8352528061524946,-2.8789256600716207
-3.1834900784009963,-0.8836399321246089,-2.821185614018186
-3.362580586703933,-0.9430695424576998,-3.0222543248221174
-3.5543415812444916,-0.9660632388037483,-2.9529339850481655
-3.7392253337668073,-1.0013629554289118,-2.812576860094262
-3.918076501679821,-1.0624273157554331,-2.8149611849783076
-4.09689782158692,-1.123005801090615,-2.8131251625667915
-4.275993635810391,-1.1840440645958348,-2.898083122350342
-4.456953124387146,-1.2290015710552982,-3.025897307928168
-4.649288702633665,-1.251353722298471,-2.8216386548559558
-4.828424285126937,-1.3107082111522497,-2.93675368017917
-5.011760595029876,-1.3487968492554823,-2.8082320653587476
-5.190451614495328,-1.4106747031643265,-2.8033019416640195
-5.3692768387049306,-1.4735880757030064,-2.916603303209324
-5.551209440065722,-1.5152259281897487,-2.8214907430595426
-5.730295469873363,-1.574593396806307,-3.027247484629602
-5.922854497547873,-1.5967080571942964,-2.9178888653452275
-6.105098519488785,-1.6381706974407064,-2.814722176435919
-6.284112302169029,-1.698862082388638,-2.8176168701170226
-6.462810931130848,-1.7588704489447666,-2.806822797272964
-6.641653926359233,-1.821083327878304,-2.9324877655321524
-6.825085953348913,-1.8600088597850906,-3.0255079515922203
-7.017221508248425,-1.8824135884343873,-2.8224592684285446
-7.196564600979395,-1.9416735491481076,-2.9004943073699967
-7.377530991196157,-1.98616977115708,-2.800868119247839
-7.5562177183340475,-2.0495235580857916,-2.8224877369738093
-7.734970436612818,-2.108582798223279,-2.816212294120003
-7.914002285484151,-2.168983015406935,-2.9437886879133197
-8.098105249954386,-2.205881810965333,-3.0266701045325375
-8.290579429079267,-2.228099330838875,-2.882657894716347
-8.470882674392392,-2.275858277834127,-2.812141045080969
-8.649886602997011,-2.337061914172773,-2.813597295865502
-8.828785660803195,-2.3979388605622187,-2.818570139344997
-9.007511507663217,-2.457766841349324,-2.9681351163071477
-9.193749833763116,-2.49039921680968,-3.0163178764170535
-9.384817009923086,-2.5144611206141754,-2.82146278286499
-9.564023783394951,-2.5738741774070775,-2.868507081805558
-9.74341200654398,-2.624117750632149,-2.7956594288012675
-9.922222655205484,-2.6885658728050927,-2.8339547960665623
-10.100909271093114,-2.745339068591583,-2.81959472456045
-10.280163002055296,-2.805139586116192,-2.977004637084185
-10.46693533456841,-2.836160693524329,-3.0119507423998684
-10.657537130154173,-2.8610100453763128,-2.8522288880604503
-10.836853426092414,-2.914396097796489,-2.811663072381733
-11.015732856018174,-2.9756526768421123,-2.812177594455292
-11.194704084504622,-3.0368378267121185,-2.8370463181541017
-11.373617976797625,-3.093074876644718,-2.9917239437241427
-11.561817586486464,-3.1214931930491048,-2.8219944913642108
-11.741009269680896,-3.180795515391796,-3.0001683059874633
-11.930071378641873,-3.2077131993713577,-2.8436742211510384
-12.109190191900383,-3.262712878268437,-2.7945014586153043
-12.288051186092257,-3.327413265683116,-2.8531502561700792
-12.467049027621952,-3.3805250158243196,-2.82107223989568
-12.646142455825645,-3.439978136418692,-2.998810357419524
-12.834381737965098,-3.4670395219861514,-2.969692782194746
-13.019784827156187,-3.499227967044537,-2.8404133698713623
-13.205121787641975,-3.5567989739133576,-2.852111919700654
-13.384782836003433,-3.6103105441699026,-2.801577914402508
-13.561618564017587,-3.672866795093731,-2.866806431398975
-13.745623702772743,-3.7247411250977542,-2.9836803170595108
-13.934883131355257,-3.754878445593096,-2.8190306279341284
-14.113647919719874,-3.81462793256838,-2.987446655364394
-14.30145427393436,-3.843809021298243,-2.833971185846277
-14.480296928446915,-3.9006285673725665,-2.8120276137582163
-14.659209878522375,-3.9618237647376575,-2.8121033097606554
-14.838131106347932,-4.02300666570863,-2.8564834381926687
-15.017651736577488,-4.075623120597581,-3.0143338353874314
-15.208461018379936,-4.100037220691539,-2.9724382355520333
-15.395014948559036,-4.131898104227933,-2.818828584544145
-15.574054033996871,-4.191779488398793,-2.8322827042966034
-15.752774595608281,-4.248892649314508,-2.796498834946697
-15.931621419692105,-4.313184233855433,-2.8766470624357803
-16.111745618396483,-4.362056277038914,-3.0204237611032525
-16.303323840175054,-4.385383874384044,-2.822483522112162
-16.48258023566523,-4.444610365636388,-2.9560973428496418
-16.667460916517243,-4.479303696032672,-2.816141364474946
-16.846154079777737,-4.539603767994469,-2.814093876308634
-17.02504983474796,-4.600380484303242,-2.8128186412179064
-17.203935195944382,-4.66140823013013,-2.887655694768933
-17.384644333400296,-4.708309445236382,-3.0278949583507653
-17.577215634138508,-4.73029919510937,-2.9380938758256128
-17.76070833048502,-4.768163864034493,-2.8161262377886165
-17.93991763228084,-4.828641126679379,-2.821287930517494
-18.118630950807194,-4.887925271716227,-2.801401515194762
-18.297510356615835,-4.951239985874187,-2.9062656433951166
-18.47864511127076,-4.994670572971824,-2.821421137353282
-18.657823131573267,-5.0540823793768475,-3.026555102868545
-18.85009562471027,-5.076299024978405,-2.9275278116180616
-19.03332796675535,-5.116132940779041,-2.8057067488531144
-19.2119780408427,-5.178502305579158,-2.818249008790525
-19.390808938672997,-5.23842932196244,-2.815162147647998
-19.569828456662627,-5.299034847743612,-2.9230055775086234
-19.752462915632698,-5.339604592727925,-3.0262317009646678
-19.944822887752608,-5.3618943888415975,-2.822583721340192
-20.124065723171793,-5.4210964798992425,-2.9105978088342006
-20.305725577132705,-5.4638216045581345,-2.8022270375473846
-20.48455587119512,-5.526952860422275,-2.811100580787884
-20.663251028400204,-5.588258659425836,-2.9420483106324165
-20.847038531766085,-5.625427053577513,-2.822270779735166
-21.026324462334024,-5.6847056116717845,-3.024255089309616
-21.218315396364233,-5.707337320937332,-2.8911956767842395
-21.39904095102402,-5.753560560545657,-2.8092542083696768
-21.578996328029195,-5.815670317266693,-2.8130068340913357
-21.76133336192401,-5.877837314781746,-2.82341647318296
-21.93845141736892,-5.9361740716386,-2.9502672454899366
-22.12320270514139,-5.971959402055134,-3.0228467244469157
-22.315018259364454,-5.994844383472543,-2.821423842431932
-22.494212791138782,-6.054261126718452,-2.885859272663655
-22.674412478892332,-6.101375801309938,-2.7975592540321506
-22.853200488785006,-6.16543223494242,-2.820671938003557
-23.031987973668038,-6.224863259015057,-2.9671854182156507
-23.217810805126934,-6.257604756159882,-2.8213842351083565
-23.396874229321963,-6.316985899246426,-3.0165784286025805
-23.58799175173288,-6.341003559201374,-2.8679759811570547
-23.76778362948241,-6.391463182749317,-2.8119327291250484
-23.94670561963574,-6.452680435880034,-2.8121365560828546
-24.125684878064554,-6.5138765345472995,-2.8268468399031033
-24.304340685496786,-6.572041200593095,-2.982466532683222
-24.491967122432552,-6.602152044526029,-3.0071888427374254
-24.681887572505968,-6.627832899601969,-2.821825704924371
-24.861123301339127,-6.687183366367619,-2.8560590292065484
-25.040100081571392,-6.739722916827159,-2.7947586626459153
-25.218971224458187,-6.804374953789984,-2.8417481081669207
-25.39772285376413,-6.859638867135436,-2.8202680510689544
-25.57687590418995,-6.919271773111644,-2.990469521295358
-25.76508911565499,-6.947933671504308,-3.0015640423585372
-25.95448418200307,-6.9746291096181565,-2.841170330372238
-26.133606076259163,-7.030120901390984,-2.811943910167641
-26.312532121583637,-7.091337307212612,-2.8112150308716233
-26.49155032490713,-7.152731035917959,-2.8481881669655635
-26.67055081791924,-7.206811421739658,-3.003165590069702
-26.86002835198855,-7.233209067190803,-2.8217161005705114
-27.039213902694964,-7.292564712167473,-2.9889185040931885
-27.227053167384895,-7.321467833329088,-2.83362995643187
-27.405981241698473,-7.37838174347911,-2.7951731161329465
-27.584913973596628,-7.442972206384636,-2.8638718700087655
-27.76416435304452,-7.494074384919145,-2.8217272844903127
-27.943264940995505,-7.55339966294958,-3.0134420168329736
-28.134044048885844,-7.577982847825869,-2.9741137652940526
-28.320709873965477,-7.6095410464283,-2.818861828312374
-28.49971553077112,-7.669404633635967,-2.832720489294469
-28.678282972351727,-7.726382716995724,-2.7963329198743385
-28.857235766333297,-7.790745925208794,-2.874780228615564
-29.03738590288392,-7.83998625781284,-3.0200869857976267
-29.228784866211807,-7.863357444524975,-2.822005552324773
-29.408111215060618,-7.922702132834259,-2.9579372988458648
-29.59310519774356,-7.9570644790516765,-2.8169621952092028
-29.771945761687526,-8.017250822566048,-2.7994417758990897
-29.950757050581075,-8.080936026090694,-2.8947407323251997
-30.131357572881,-8.126445781364257,-2.82209860128707
-30.310639979481028,-8.185757419397547,-3.0246115681426335
-30.502654742573615,-8.208322540191094,-2.939923685813635
-30.686619544085605,-8.24593380777355,-2.816128045193241
-30.86553742637473,-8.306312365686992,-2.82180130278094
-31.044407730396145,-8.36554667249938,-2.801894650798144
-31.223061150860993,-8.42868227824748,-2.910853417515051
-31.405237601278863,-8.471479764017413,-3.026618893181082
-31.597610919386725,-8.493695624409803,-2.8213971576193235
-31.776696848113613,-8.553081661734415,-2.9222784255415233
-31.95903835661422,-8.59372548686251,-2.805350809633603
-32.1377871814398,-8.656200714113202,-2.81842767326746
-32.31659806752101,-8.716085491941602,-2.8141637204494807
-32.49541793322504,-8.77682249548663,-2.914781786173839
-32.67706766013531,-8.81874396282652,-2.818602795841756
-32.85596936216147,-8.87862431374683,-3.0215606062133875
-33.05065440214353,-8.902105636715318,-2.8891298769581204
-33.23882166718208,-8.950646567593024,-3.140108205206042
-33.43697566017996,-8.950940717183725,-2.8580145253918623
-33.619828120069876,-9.004229835072632,3.1363864120112948
-33.819897656133875,-9.00318821532435,-2.7952977323114996
-34.00004734010089,-9.06819259531082,2.778848182098589
-34.17959791666604,-9.00004607623812,2.904336749046398
-34.36145795146088,-8.956070461557813,3.0237532273446686
-34.55488793489385,-8.933170688625331,2.891897210310356
-34.74124403069101,-8.885646616858125,2.656546490067041
-34.91439281362851,-8.794389997158198,2.4354281257362507
-35.06653658717538,-8.664629392284855,2.1974588455737227
-35.18341631506768,-8.503196738969567,2.2575213614630787
-35.31016055686453,-8.348601391199859,2.069891454590089
-35.4050991157082,-8.174443149250832,2.2158091556471504
-35.52356602732932,-8.016983735679437,2.013688874330875
-35.608793214561246,-7.8373004658646375,2.027915512332948
-35.69702455986993,-7.657919573349123,2.03646430538162
-35.786807522739686,-7.479256972575708,2.026657615572478
-35.87479670466984,-7.299798788671889,2.028889469601714
-35.96325331944737,-7.120401289604345,2.040435936305096
-36.053796497809444,-6.941995514720372,2.066975967774908
-36.14883706772515,-6.766434099494202,2.1295365107794137
-36.251021547581466,-6.602990164913132,2.0401584849029253
-36.34119059884606,-6.4251993542206165,2.0470662327387807
-36.43253932989128,-6.248125382105117,2.124258854971658
-36.53633513815815,-6.080138232292285,2.060191656113947
-36.62979674883597,-5.904660278222117,2.070826577186441
-36.7249860853872,-5.7304298935957565,2.134220354776466
-36.83131664863203,-5.562113347228427,2.120649176514092
-36.932177945892086,-5.397550055033748,2.196747631682312
-37.04582509191417,-5.240346947778384,2.2096298058447084
-37.164203796859056,-5.080964195772779,2.1555167591836435
-37.2739791197203,-4.915124434132631,2.1479303926534845
-37.383052858300076,-4.747597033192672,2.263004025883383
-37.50838062857849,-4.59642750022367,2.1103778346004
-37.60682416285603,-4.432042859597733,2.1138037681150137
-37.70559352369809,-4.268388748278508,2.3207327611774757
-37.839487322893895,-4.124645324006597,2.231466003262036
-37.95966615111374,-3.970010545525978,2.1084772520381034
-38.05828797469462,-3.8046158440670776,2.124149044866059
-38.15853347126298,-3.6423348072912094,2.3467475040090906
-38.296718376573615,-3.501514061032321,2.1895497747198536
-38.410633729020624,-3.341527060227989,2.1151156614224518
-38.510966286062796,-3.175774763790109,2.368068849235362
-38.652912208397154,-3.0371604707745,2.168408935594669
-38.760275409818846,-2.879421342116541,2.0998140751604844
-38.857765703898814,-2.71265675899712,2.327162219571073
-38.99305462117613,-2.5692751291446485,2.2024733446022036
-39.10971652444874,-2.4098326390348315,2.1144229803169474
-39.211470235007155,-2.2414694098487975,2.3175468803362307
-39.343340053161846,-2.098991422634068,2.1677981334982777
-39.454679694050085,-1.935195071054496,2.1995739954500166
-39.570394712338654,-1.776080693317386,2.1170017889615305
-39.669936221756764,-1.612333206250615,2.148800433596521
-39.77354056851497,-1.4535086746455153,2.1992004543310566
-39.888791385378696,-1.2949080844541718,2.340920297265123
-40.02661762068113,-1.1528058349307562,2.118999203303251
-40.1270676116689,-0.9883050349356275,2.109369828463154
-40.228148317200976,-0.819130102255719,2.228064098308128
-40.346095839242196,-0.666296115050779,2.1785344208450006
-40.4567809771902,-0.5071645385397561,2.2116658255231503
-40.571839446080304,-0.3529092025199046,2.2334577989548143
-40.688493658835455,-0.20342502511966407,2.1063009586861106
-40.78972635010211,-0.03280871790666499,2.1251624234213233
-40.89127568226294,0.1312110336599024,2.1640786520939392
-40.99975501735612,0.2920832377219497,2.3418414060774664
-41.13873579893145,0.43511200403969635,2.165732287866116
-41.247698312006946,0.5961257102668793,2.130089261210732
-41.3484960231055,0.7571534257384447,2.1382751051187223
-41.45134038624674,0.9184988624698656,2.1756484773078473
-41.55983959218953,1.0754520746566585,2.209278094639078
-41.67437723167052,1.2297766545077662,2.294004771040954
-41.80196738552594,1.3743120725001972,2.1080600929800326
-41.90343810810245,1.5446460433118636,2.1181665042901647
-42.003645252819666,1.7090567916924526,2.3061698246185225
-42.135208757000974,1.854488456714856,2.1798271147099206
-42.247672190509476,2.0157316299845505,2.200090817838986
-42.361714795730165,2.1723760892279924,2.107676607369709
-42.45934129943672,2.3363999835282896,2.12727721599099
-42.55947445265581,2.497370762032201,2.346528563289571
-42.69727647938829,2.6378628430455318,2.159841971941325
-42.80752523497928,2.802862829483889,2.166317267790336
-42.91838843808514,2.9664788955043746,2.143009847759268
-43.02189182425306,3.127174504742349,2.1987930126987965
-43.13760100516432,3.2865423667806484,2.343867349953048
-43.27513437028431,3.4275090145229647,2.1237742979740584
-43.37510703326688,3.5894841056789724,2.107783076199599
-43.47290596267843,3.7537578974028563,2.2219160702679743
-43.59110686160825,3.9088827326628417,2.1843227720162326
-43.70341382912522,4.068368688313005,2.2781456609907296
-43.82914666260305,4.215436643359921,2.1039609035734816
-43.92897494978416,4.384586701725909,2.1231936508976674
-44.032471599021534,4.552489384963737,2.3197269237565994
-44.164079004887164,4.694063473699908,2.206278121197149
-44.27795701265975,4.848465021988549,2.1820690512620704
-44.38616136141525,5.002862903235205,2.117053149701647
-44.488971775256076,5.171968226029711,2.118646742570341
-44.589229200295215,5.3362838529041845,2.3712873332275333
-44.732061870916475,5.474868808919872,2.1332746062659043
-44.836400123957894,5.640378075053895,2.140957732400536
-44.94220757770267,5.805393772932115,2.153213654197779
-45.0457687255144,5.962631254100003,2.202879408380016
-45.16167668579122,6.120908420946197,2.3365505690078163
-45.29870852598239,6.263432542903205,2.118398374479635
-45.39912809394939,6.428105884760669,2.106511321178943
-45.49983910475895,6.597761622322539,2.237258591659344
-45.619161541064386,6.749472515007277,2.1905910954474717
-45.73259046079675,6.908425771058985,2.285709180004764
-45.859072151567645,7.054123980790688,2.124486190547541
-45.960165308439855,7.2176539056537,2.108190443240854
-46.06168879108708,7.388025929065742,2.301192101020266
-46.19176409846742,7.533259152016955,2.1759775228179534
-46.302289920070834,7.693031615496298,2.215812429999063
-46.418397621140414,7.847354250125902,2.114549347599847
-46.52022291321342,8.015787834136948,2.1186779144750782
-46.62068198384649,8.180422403000987,2.377912375527271
-46.763866638250995,8.317518984453415,2.134551587840787
-46.866565258771494,8.479967134065534,2.1490636413968702
-46.97421063787387,8.644891652547445,2.143121624484431
-47.077813720884365,8.805702559874838,2.1956373029565803
-47.192708251505316,8.96500335547818,2.3287414546840948
-47.32729918309965,9.107194710512918,2.137852099393677
-47.43279349716593,9.272852031676475,2.1301893945674464
-47.53484733464079,9.435850157840672,2.1189390640712316
-47.636540244066744,9.602408928758862,2.1584142607778967
-47.74643013533521,9.767381226697987,2.1807838938401747
-47.86065175628906,9.930811707095453,2.131717255327929
-47.96657628587709,10.099418732613413,2.1308644846330225
-48.072005154115196,10.267554918078483,2.1592300460267855
-48.181438481908415,10.431551678971122,2.1616108385310517
-48.2870087792074,10.58894639915028,2.069724591875894
-48.38214290666401,10.763532713125514,2.1675691909788983
-48.49421902483429,10.928493745890767,2.0193266071153544
-48.58064872158968,11.108090278387103,2.201659418195815
-48.69801207775159,11.268765708372394,2.008190033834508
-48.78256392714744,11.449586413428712,2.161715000606966
-48.89324300337965,11.61456066210223,2.0041412093243376
-48.97625390312736,11.793975537656141,2.207069587345184
-49.093257322155026,11.95235211645845,2.017625402376364
-49.17922665667282,12.131772546053382,2.0338676231397885
-49.26827313201732,12.310122385921327,2.0633881005616894
-49.361037178865296,12.482956857936513,2.1342620856397527
-49.46460982384227,12.64689259104633,2.059573787003581
-49.55843028167306,12.823306917672518,2.049022639944476
-49.65015310637659,13.00025554352683,2.1629354895083637
-49.76083732671673,13.16480302319804,2.0347636385605066
-49.84990745413299,13.342800989176004,2.0496779193926473
-49.94177399324626,13.519742985752467,2.012582499990371
-50.026891569615394,13.69970911725111,2.182249448419744
-50.141324905929935,13.862932545060893,2.0100116824287384
-50.22631479823355,14.043830485439207,2.0233400446482213
-50.313342530429665,14.222827628990713,2.0582305254511617
-50.40678064402491,14.399093741584446,1.984563759029986
-50.48595351617614,14.579393634351282,2.206221637674773
-50.60078806563944,14.735110521682294,2.021901964134449
-50.687062821480716,14.913209812420762,2.0495201698378316
-50.77919059997947,15.090723444536158,2.0244857384655033
-50.86686397745132,15.270524402345035,2.023511555370427
-50.95388203517541,15.449423614537432,2.06769500641863
-51.0489885868002,15.624805580511094,2.179127270550192
-51.16069256688324,15.785199009200966,2.015254388556977
-51.24619063368186,15.964726980227933,2.0233806306399464
-51.333657238632966,16.144608223929403,2.034460860434397
-51.42308229681472,16.323450773115052,2.038841485547348
-51.51333395014472,16.50198693762704,2.026017117122385
-51.60124944321807,16.68158575420145,2.04173728015133
-51.69198985110033,16.85980508124882,2.0342483293058518
-51.78139745268392,17.038707762175104,2.040935553961821
-51.87197338044378,17.216957336241965,2.0379125787332106
-51.961995011309405,17.395450083645407,2.0310779405592445
-52.05084696965978,17.574659517501896,2.0255264367721653
-52.13871666022863,17.754388040110964,2.0414256960713324
-52.22942932596941,17.93269026004843,2.0449296488660518
-52.3207394547899,18.110621423763373,2.0304994007142727
-52.40941134078537,18.28972795827927,2.0323254667909745
-52.498472871950455,18.468798406508462,2.0336688344707117
-52.5877726080145,18.64774449775456,2.027536206727429
-52.675951658706744,18.82719089950319,2.051971814178371
-52.76849917410414,19.004449047596736,2.040204561238648
-52.85846689171261,19.181822618738536,2.035351607866844
-52.94774571287824,19.359975815703667,2.020679375345529
-53.03419216964197,19.538987034601135,2.059658134357846
-53.12730190491299,19.714029345856087,1.8655161515792953
-53.1835761110572,19.89941005781742,2.0361199543064434
-53.273282810946995,20.07807421792681,2.047262507619395
-53.36498758376697,20.255752755263227,2.012512650684548
-53.449863576459336,20.43524053661841,2.0416735892270124
-53.54053678305009,20.61335593248199,2.0308947206428614
-53.629363671335035,20.79259731391005,2.0537709123099317
-53.72205676254837,20.969358429346812,1.9157733560612642
-53.78718945637123,21.15061155103037,2.010792756397865
-53.87086174440651,21.32834418525322,2.0174630161814746
-53.95726654170568,21.50874860880536,2.0186648862243355
-54.043373666319795,21.687978276482085,2.0377250741130877
-54.1330753277935,21.865919570627295,1.9106848336928937
-54.19676698917098,22.046037220661,2.057517601461306
-54.2898239869196,22.22188722034301,2.0255041214019336
-54.3774093797464,22.40104437272914,2.035203313256081
-54.46701271103529,22.57991133740869,2.03544040184486
-54.556576386652026,22.75859334023395,1.8572734921084926
-54.612025621507726,22.946824675306715,2.0684072060364675
-54.70722278238577,23.12207576676473,2.030078709295323
-54.795882539657455,23.301347436516785,2.0371648477802937
-54.88540422231163,23.479179487499124,1.8970695939972622
-54.94697001261423,23.66112967002597,2.0446212744911283
-55.03719168705649,23.83707336976852,2.0253175763512026
-55.125008361497486,24.01678856953511,2.0190652413899697
-55.211196161452726,24.196002311104067,2.006762151029757
-55.29467218563708,24.375188644989972,1.9728331902770515
-55.37098140014703,24.55465686473328,2.0371122932330255
-55.46044606072063,24.732398900802437,2.030561545062521
-55.54878218988986,24.91079936380195,1.8366108248567659
-55.60011012167402,25.099326703547398,2.0645639151272466
-55.69441569800046,25.274538566556494,2.0293037963024427
-55.78237676129444,25.452744855766664,2.0525075254567726
-55.87483870019114,25.629608092439735,1.9019048895993333
-55.93826930453415,25.81412599261049,2.050766926126817
-56.030239570299415,25.990797048858497,2.0230895437177745
-56.117365899346645,26.170111197260137,2.0570054476418047
-56.210620579852005,26.346553283061795,1.8983384918616233
-56.27276039865417,26.5294352665378,1.996809047202283
-56.35458607819133,26.709745935929412,2.0549368623405346
-56.44738361105307,26.886205676755086,1.910581943870585
-56.51154482078581,27.0677106058468,2.015656075373663
-56.59602130429202,27.24491007327846,2.034826465111026
-56.68542604569356,27.423548687125397,2.0242207873131344
-56.772980979596426,27.603227568971935,2.015952880991334
-56.85841573915452,27.782300288827972,1.9470344668486959
-56.92986836214748,27.96316678936635,2.0355275396051447
-57.0190552620663,28.1410584176586,2.023215837901509
-57.106183999359885,28.3203199240096,1.8563256123021508
-57.16148613018601,28.508710500855194,2.0671556096537023
-57.25647163215459,28.68409493033985,2.0301666987648184
-57.34514830061928,28.86336109784436,2.0395042782658495
-57.435116294510905,29.041043529620058,1.8981969112460373
-57.49684602683399,29.22280307457653,2.0350996934869237
-57.585249362570295,29.39932026982347,2.034483589736922
-57.67458114897868,29.57796613225777,2.053281957169648
-57.76731653577074,29.755018332518212,1.8598285643187842
-57.82356741143977,29.94418646785641,2.068084542023755
-57.91871488506019,30.11948091443331,2.0487051425345264
-58.010158571198204,30.296028204757985,2.0308999201878253
-58.09856914398275,30.47442718290881,1.8370762975097097
-58.14997845611407,30.662907262213803,2.065718642908622
-58.244484503496615,30.83800679832413,2.0285338042386685
-58.33237799954624,31.016422200144376,2.047869382558744
-58.42321270246753,31.192153217884258,1.9219347555030073
-58.48985294969265,31.374071763478,2.0320865686953047
-58.57846070836565,31.552336635270795,2.021918539533677
-58.66537503075726,31.73174862079336,2.0217089386126808
-58.752002891510145,31.91066484920195,2.0272814610053724
-58.83989422234361,32.089640907936165,2.093838914868115
-58.93741148111772,32.25876291550214,2.1045234413358944
-59.03642824909127,32.42632251410327,2.0616828748534073
-59.13061417599925,32.60252660853774,2.0634800679285026
-59.22461761495833,32.77763161965605,2.166389599290255
-59.33240666682259,32.93668596265245,1.9820731394611204
-59.410742925062,33.11629446458652,2.208191165697135
-59.52697118993086,33.273253139645774,2.170465466101584
-59.63790811516859,33.43552437556676,2.1503434218659367
-59.74650745429548,33.60144614836258,2.162187399483473
-59.8571448585532,33.76619001441998,2.193195062053827
-59.9713137800456,33.92530236497652,2.134091082651135
-60.073005891484456,34.086322544540316,2.1568972339961605
-60.18100519349517,34.24899089896427,2.207162768247432
-60.29930641915263,34.409092980015345,2.1703359274352367
-60.41178710731808,34.57366808518063,2.1364083368277753
-60.5189582395506,34.74249599323065,2.1480179997570317
-60.627856098676816,34.90972121774933,2.170363277453114
-60.740428794591594,35.07442127356762,2.2051370450109626
-60.85717184371673,35.233086077211624,2.1917414410092637
-60.96827857311457,35.38840694554071,2.1596858818877425
-61.07369419558738,35.54622691262558,2.129900453247292
-61.175182139661814,35.708425383543684,2.108256444462015
-61.275266953105536,35.876357892732145,2.137109449561936
-61.381731812090166,36.043813606599194,2.1586356224826977
-61.491839038784725,36.20903290043099,2.148388723183169
-61.59988570255809,36.37481658210322,2.1676068551384216
-61.7060354226537,36.53104209212382,2.156259574145961
-61.81480958032465,36.69510446610747,2.3101356728418687
-61.949305674321906,36.84259785434536,2.184286565397481
-62.0614526641636,37.0018688770085,2.1092184349817726
-62.159894547766875,37.1666839783419,2.3314480453449233
-62.29621011945249,37.30991884194109,2.185787445984803
-62.410037165525885,37.47106155373212,2.279602116410535
-62.53781016670363,37.62007590848763,2.2388478574606085
-62.65920360492021,37.77391616420871,2.3261096348769112
-62.795928855270596,37.91912594924134,2.1603753580213882
-62.907023956391534,38.08520075966807,2.385244852765988
-63.05245110089497,38.2224147657193,2.325325100495965
-63.18910620406284,38.367778380952416,2.1801425432665984
-63.303440848126996,38.53159423230721,2.3326678306951143
-63.441501707464404,38.676309087305604,2.3834741627521576
-63.58679067463141,38.81387981980372,2.3416694211628317
-63.72615260659207,38.95735019954996,2.2039247281376557
-63.8444098420566,39.118481779450946,2.2900476716818354
-63.975798466290485,39.268512601705545,2.3743610333118306
-64.11982281232414,39.40739691001472,2.357894984427702
-64.26154030705129,39.548633242925305,2.350689227752032
-64.40223747601965,39.69088815308462,2.3500255728253983
-64.54284052213845,39.83323672650559,2.3548374695778373
-64.68412641772372,39.97490659913702,2.3650154274067807
-64.82684611745839,40.115130407219446,2.3768911808702757
-64.97122744543724,40.253655668844104,2.2072855122858495
-65.08937290545072,40.413505890495856,2.271534077058661
-65.21765368252413,40.56557835763141,2.3619679050338385
-65.35994567669795,40.70623674372967,2.3550679032687194
-65.50126429994535,40.84787414166536,2.3549934775570756
-65.64257286512067,40.989522541894765,2.3558990812457856
-65.78400965700509,41.13104292186167,2.3564944548518456
-65.9255306806978,41.27247906840062,2.356780361101583
-66.06709212809515,41.41387473943475,2.3567571665337095
-66.20865028901942,41.555273687071605,2.356424841418712
-66.3501614645708,41.69671968309036,2.355782959722684
-66.4915818242195,41.838256488240546,2.3548306992166723
-66.63286733686957,41.97992789522336,2.3542307192413734
-66.77406658905403,42.12168280528638,2.371534366117569
-66.9177107043049,42.26098620035602,2.1891621242902444
-67.0333701762251,42.42355605156479,2.2838726918470798
-67.16412322384247,42.57473451696179,2.3720000977854174
-67.30782008804505,42.71395926083705,2.3679435683006695
-67.450949400894,42.85376420404442,2.356161488301429
-67.59242250843587,42.99524664965459,2.3504659757991986
-67.73308818346626,43.13753323853196,2.3510029738880243
-67.87383001703127,43.27974403850446,2.35609424773179
-68.01529435864742,43.42123674443139,2.359473845711132
-68.15723628038897,43.56225074976558,2.3597199486211413
-68.2992129212227,43.70322983780716,2.356835769851793
-68.44078220731576,43.84461766923138,2.3512736947169106
-68.58156235785033,43.98679018319553,2.353500496697324
-68.7226584705942,44.12864857537917,2.369965835507526
-68.8660708642845,44.268164420266714,2.3064323237678797
-69.00020108790874,44.41635515416922,2.192825243493504
-69.11667828036781,44.5788112487615,2.333913651468666
-69.25490913828818,44.72334334522001,2.3821819233363954
-69.40001946232691,44.86110100126326,2.3605529925253332
-69.5421089758505,45.001957287051404,2.3475304048524666
-69.68235533072445,45.14465515617086,2.3510568039755095
-69.82310513156511,45.286858695277076,2.355569857370106
-69.96449536280646,45.428425670900104,2.358180800770593
-70.10625474350115,45.569623010928076,2.3589100007300354
-70.24811700250275,45.71071689764561,2.357848878149342
-70.38982946178494,45.851961236182056,2.3563145707407633
-70.53132501172824,45.993422808478776,2.3553450736302737
-70.67268333317577,46.13502147833888,2.3549706267002932
-70.81398861592875,46.2766730618432,2.3551920614130046
-70.95532526664579,46.41829335684094,2.3558330578147473
-71.09675271159318,46.55982307167181,2.3563501424705415
-71.23825331845337,46.70127963560338,2.3566392068822317
-71.37979480199535,46.842695283378234,2.356700523972163
-71.52134495428862,46.98410224979898,2.3565743830588093
-71.66287726572386,47.12552706783405,2.3564266084351946
-71.8043886750333,47.26697279762837,2.3562999459807537
-71.9458821661895,47.408436449315886,2.3561944068336107
-72.08736072586854,47.549915032581865,2.356110000237594
-72.22882734300903,47.69140555675848,2.3560467335845234
-72.37028500835946,47.832905030896306,2.356004612414734
-72.51173671402431,47.97441046383444,2.355983640416565
-72.65318545301051,48.115918864270924,2.355983819426638
-72.79463421660896,48.25742723866718,2.35600514942915
-72.93608599801355,48.3989325953929,2.3560476285563468
-73.07754379021858,48.54043194314672,2.356111253088589
-73.21901058530773,48.681922290768966,2.3561960174546277
-73.36048937400051,48.82340064731197,2.3563019142312123
-73.5019831451986,48.96486402211049,2.3564289341437035
-73.64349488553242,49.10630942485241,2.3565770660623917
-73.7850275735999,49.247733860346884,2.356746297003877
-73.92658418936895,49.389134338448315,2.3568919063418603
-74.06816141584518,49.530514226031585,2.3566650642609144
-74.20970658053525,49.67192623840179,2.355901372887685
-74.35114370329957,49.81344630081593,2.354598183660892
-74.49239625724579,49.95515054092428,2.3527983904639553
-74.6333933908813,50.09710862238328,2.3547521983447623
-74.77466729683849,50.23879063363607,2.3679501125473985
-74.9177972174241,50.37859434012714,2.3428717339945617
-75.05723025866527,50.52179303791997,2.181326095353844
-75.17188188820391,50.68564949994,2.313998874294851
-75.30717843715595,50.832874290969585,2.3849045290990714
-75.45266045769337,50.970233691448456,2.255522208411733
-75.57686298650994,51.122348027895335,2.230789974384236
-75.69532383830185,51.27498513078348,1.8788731279761444
-75.75235826255354,51.454221277574334,1.693021960498863
-75.77612045940019,51.64766474322437,1.7474574029134042
-75.809078422108,51.83228030628488,1.889777175701122
-75.86882899378715,52.01320080658502,1.8155204225636452
-75.9157808194758,52.20121150729575,1.3292945594040178
-75.87243692997737,52.37718514591838,1.2545423636510702
-75.81361126938944,52.556949779541284,1.4450177680139473
-75.78938751338038,52.74852360092145,1.028836994608392
-75.68830842579376,52.91640226010149,0.5047322855737801
-75.515827322756,53.01169170183389,0.32389864442470667
-75.33651404883368,53.07189107941658,0.14209857180852206
-75.14750573875524,53.098931133431144,0.17709015859512645
-74.95975086870463,53.1325326681266,0.3112785431736521
-74.77400234038244,53.19229499424434,0.0853157412846421
-74.5796102249975,53.20892005795865,0.21360062099320223
-74.38679488926857,53.250743545247836,-0.05529543535253598
-74.18701548861024,53.239685383592246,0.29080822590446154
-73.99804675485592,53.296242440178894,0.005376430699099511
-73.80060377310075,53.29730398891572,0.2589036896900323
-73.61069915400921,53.34759984559406,0.06471439853335778
-73.4127749694311,53.36042630068738,0.182706885013041
-73.22150290756163,53.395767148351304,0.11330765276748636
-73.02877877842997,53.41769820233767,0.006252031475827069
-72.82905345696975,53.418946907603754,0.3258912947930504
-72.64502100496863,53.48113893407031,-0.01794097704633195
-72.4453841587723,53.47755686965682,0.2823440148414817
-72.26015187696858,53.53129162055626,0.016971497850762456
-72.06293180561066,53.5346390619694,-0.007073824087001592
-71.86312680078824,53.53322565293832,0.3040928136518094
-71.67291259327042,53.59291989481939,0.016544559638745765
-71.47318589965363,53.59622458654166,-0.051022694262928346
-71.2733911046925,53.586021662456474,0.21794724213648545
-71.0799564160547,53.62886067579591,0.1111038892507656
-70.88393592282699,53.650729372040345,-0.010903968324252803
-70.68382015226238,53.648547229533186,0.3294932585332283
-70.5030019367667,53.710379604404984,-0.00920888011143386
-70.3029311418659,53.70853712435775,0.0005861157218238692
-70.10285060004824,53.708654394722366,0.0026298915158755117
-69.90277090256276,53.70918058383438,-0.001200901821123824
-69.70268997230801,53.70894030616536,-0.0029500567174479183
-69.50260988966248,53.70835005686124,0.2531823862281788
